id,age,years_remain,remain_war,name
10030,27,1,1.1315188472284767,Chris Owings
10047,28,1,1.3905320754091894,Wil Myers
10059,28,4,10.612383121088452,Max Stassi
10071,28,2,1.813350773434744,Jonathan Villar
10155,27,12,45.39167782350907,Mike Trout
10199,28,1,-0.1711306479412903,Billy Hamilton
10200,28,2,1.3322359969864626,Tucker Barnhart
10231,29,0,2.4668530870883068,Jose Iglesias
10243,27,2,4.194207133650165,Randal Grichuk
10264,31,3,5.5325005240457665,Brandon Belt
10286,29,6,4.685340624893609,Francisco Arcia
10322,28,3,3.279633025856166,Danny Santana
10323,28,6,2.492252784055802,Rafael Ortega
10324,28,1,5.2227414995662045,Marcell Ozuna
10339,29,1,3.3303467998609704,Scooter Gennett
10346,28,3,5.5104995415445535,John Ryan Murphy
10348,26,3,8.708009483577985,Domingo Santana
10416,27,6,3.949827676393317,Wilfredo Tovar
10459,30,0,-0.5726331218686584,Adeiny Hechavarria
10472,27,2,5.443426661908313,Enrique Hernandez
10473,26,3,5.822103439200518,Cheslor Cuthbert
10542,29,2,1.4985910391318287,Derek Dietrich
10556,29,2,5.652763292574944,Cesar Hernandez
10607,30,6,0.3691368094102306,Bryce Brentz
10681,27,5,4.61711480138752,Gio Urshela
10681,27,5,4.61711480138752,Giovanny Urshela
10762,30,1,1.389672239460303,Corey Dickerson
10807,29,3,13.10885071568564,Tyler Saladino
10815,26,2,8.61402619926862,Jurickson Profar
10816,30,1,3.5011953257552664,Jedd Gyorko
10847,29,1,5.371597845839694,Andrelton Simmons
10950,30,3,4.375947591192247,Adam Duvall
10951,29,3,3.2715807696366226,Greg Garcia
10953,30,3,1.3035626546017187,Phil Gosselin
11038,29,2,4.635757234269993,Kevin Kiermaier
11200,31,1,1.0289386810708934,Kole Calhoun
11205,30,3,6.896524346369939,Adam Eaton
11241,31,6,8.800755820354416,Mike Freeman
11265,27,1,2.96902212176379,Jonathan Schoop
11270,28,3,3.4001541988568627,Aaron Altherr
11281,30,4,13.752371986619027,Whit Merrifield
11287,31,2,-1.0882104080700794,Bryan Holaday
11339,28,2,2.1814964001593817,Jake Marisnick
11342,29,4,9.347351160598164,Jesus Aguilar
11368,30,0,1.678802343509858,Yasmani Grandal
11379,26,4,9.841399829260354,Delino DeShields
11442,26,4,11.625147204071949,Gary Sanchez
11445,30,3,4.731877500513969,Mark Canha
11470,27,4,6.974158311171878,Tony Wolters
11476,27,2,5.547282146732207,Odubel Herrera
11477,27,1,9.012967390951406,Christian Yelich
11489,28,4,6.457449881362573,Michael A. Taylor
11493,26,10,26.139118269901807,Manny Machado
11579,26,13,27.57551147070394,Bryce Harper
11602,27,3,6.7202924201329095,Yolmer Sanchez
11609,27,4,10.049796483308166,Willson Contreras
11611,26,6,10.305564672950819,Rosell Herrera
11615,26,4,9.248767828048733,Brandon Drury
11680,28,4,3.9488539401565665,Elias Diaz
11737,27,1,3.3294080910553974,Nick Castellanos
11737,27,1,3.3294080910553974,Nicholas Castellanos
11739,28,2,10.058228806813123,J.T. Realmuto
1177,39,3,2.9490152519491066,Albert Pujols
11846,31,1,2.312710141748734,Leonys Martin
11850,27,5,2.1331683494847353,Tyler Austin
11863,27,5,9.495096787628253,Yadiel Rivera
11875,27,6,5.930893729717438,Ronny Rodriguez
11894,27,6,-3.3575470068769184,Noel Cuevas
11899,27,2,5.133138178018642,Joc Pederson
11902,26,4,5.446103124140213,Hanser Alberto
11935,30,6,-4.305635432575822,Travis Taijeron
11936,28,2,5.132237445301038,Joe Panik
11982,29,3,11.284720775724256,Travis Shaw
12005,29,6,9.189577296126783,Nick Martini
12037,29,6,1.5069450801994275,Jon Berti
12092,27,5,6.954266486180035,Niko Goodrum
12119,29,6,3.158967971364658,Matt Skole
12140,26,6,8.07823869200383,Juniel Querecuto
12144,26,4,11.950540380599092,Max Kepler
12147,29,2,1.736074741615644,Nick Ahmed
12155,27,3,7.4333937799842165,Eddie Rosario
12158,29,4,10.004677859231686,Austin Barnes
12160,27,4,12.345776829492388,Ben Gamel
12161,26,1,7.012922316558291,Xander Bogaerts
12164,26,3,2.6405816036004524,Miguel Sano
12174,26,6,8.947336645285,Jorge Bonifacio
12179,26,3,7.675028165714714,Maikel Franco
12180,26,5,6.281050793225517,Jorge Alfaro
12225,28,4,6.988240304043041,Scott Schebler
12282,25,2,7.269031908224478,Rougned Odor
12284,31,4,3.474035779581341,Kevan Smith
12294,28,2,0.3300016472167364,Cory Spangenberg
12325,29,2,0.47101638925030337,Jace Peterson
12371,30,2,0.4185698924785406,Tommy La Stella
12434,30,2,4.419848281038357,Kevin Pillar
12510,30,4,9.710368522552812,Curt Casali
12532,28,1,4.078416379884508,Kolten Wong
12533,28,2,5.863269055601502,Marcus Semien
12546,29,2,1.7203939437511357,C.J. Cron
12547,29,4,1.1890534463204365,John Hicks
12552,27,2,8.785017802188438,Eugenio Suarez
12564,26,3,12.716156130896458,Trevor Story
12758,27,6,4.554200558145893,Breyvic Valera
12775,29,2,1.0799466229782253,Brad Miller
12797,26,6,11.888086764082587,Dalton Pompey
12856,29,2,8.024401856911968,George Springer
12858,28,4,4.941897735946997,Brian Goodwin
12859,29,2,0.25223513897238775,James McCann
12861,29,1,9.11141825655998,Anthony Rendon
12907,27,2,4.053545334866387,Gregory Polanco
12916,25,3,20.12426809661175,Francisco Lindor
12927,26,4,6.131518391672015,Brandon Nimmo
12937,26,5,11.906071032104157,Jose Osuna
12976,26,4,7.047897006466047,Austin Hedges
12977,26,6,9.384066302242537,Michael Perez
12979,26,3,10.67200233992017,Javier Baez
12981,26,6,10.94723476582201,Cam Gallagher
12983,26,5,3.5557638055287164,Charles Tilson
12983,26,5,3.5557638055287164,Charlie Tilson
12984,29,2,4.546417701767621,Jackie Bradley Jr.
13006,26,6,4.633523324736198,Mitch Walding
13066,26,5,7.425308277699654,Teoscar Hernandez
13145,26,4,10.080258164035095,Josh Bell
13152,25,4,9.145919734588322,Jorge Polanco
13157,26,6,9.42102437914599,Nicky Delmonico
13176,27,4,7.256375020100217,Blake Swihart
13185,24,4,7.241306572605946,Orlando Arcia
13265,28,2,5.6084015627258506,Mike Zunino
13277,28,4,7.780063236638429,Joey Rickard
13300,28,6,0.7415466920712573,Spencer Kieboom
13301,28,4,10.477278025138917,Max Muncy
13324,27,6,4.878826146845946,Ildemaro Vargas
13329,28,2,4.879651838074306,Jake Lamb
13338,27,4,5.365683483837502,Omar Narvaez
13355,28,4,4.88469654444841,Luke Maile
13356,26,6,14.458801966450995,Bubba Starling
13359,28,4,5.915519055952681,Tyler Naquin
13367,28,3,5.6551610642316605,Stephen Piscotty
13369,27,4,2.6318849342959822,Erik Gonzalez
13419,28,6,14.719046089075931,Christian Walker
13473,26,6,11.523256389497579,Dwight Smith Jr
13473,26,6,11.523256389497579,Dwight Smith Jr.
13499,28,5,6.262691619700754,Tom Murphy
13510,26,2,15.197368285320124,Jose  Ramirez
13510,26,2,15.197368285320124,Jose Ramirez
13546,26,6,9.930674040877655,Roman Quinn
13590,25,5,7.945795949461649,Jesse Winker
13593,25,4,13.128158454000554,Jose Peraza
13595,25,6,1.3510472734290775,Humberto Arteaga
13608,26,4,8.268592074480045,Mallex Smith
13611,26,2,16.565865698504265,Mookie Betts
13613,25,4,9.73853241147598,Ketel Marte
13620,24,6,12.630114280942795,Carson Kelly
13621,25,5,12.18873413910192,Jeimer Candelario
13624,25,3,13.15911834574046,Corey Seager
13658,28,6,1.010378485147256,Terrance Gore
13675,25,6,21.146364551087714,Tyrone Taylor
13723,29,6,1.2987226521152393,Jacob Stallings
13744,25,5,8.633432648912645,David Dahl
13755,25,6,5.9927090590398295,Tomas Nido
13757,28,3,8.789661628420443,Chris Taylor
13768,28,6,4.760726374555917,Travis Jankowski
13769,23,5,12.240488676934378,Adalberto Mondesi
13795,27,6,4.654828296337394,Eric Stamets
13807,28,4,3.5948681963307396,Kevin Plawecki
13836,28,2,11.17841968694326,Matt Duffy
13853,29,5,12.930874802525311,Joey Wendle
13854,29,6,13.159352843474473,Anthony Bemboom
13891,29,6,6.719391310259019,Mike Miller
14103,25,6,8.824253409969133,Rio Ruiz
14106,25,3,9.014487740270281,Addison Russell
14109,25,4,5.679923993268439,Albert Almora Jr.
14111,26,6,11.77239984230681,Eric Haase
14128,25,4,14.229499783513964,Joey Gallo
14130,26,6,18.681014701165218,Daniel Vogelbach
14137,25,6,7.6623199995270985,Tim Lopes
14140,25,6,14.954486882840222,Jose Rondon
14145,25,5,12.533994954753178,Daniel Robertson
14158,28,5,7.552544406278305,Mac Williamson
14161,25,4,10.275472061890127,Byron Buxton
14162,24,3,13.319205435599118,Carlos Correa
14196,24,6,8.485241182550535,Andrew Velazquez
14221,27,3,3.6388458276161235,Jorge Soler
14225,28,1,3.7176714259641077,Yasiel Puig
14274,28,4,13.413048268491787,Mitch Haniger
14320,27,4,8.429863979779,Wilmer Difo
14329,24,6,8.259669570885139,Anthony Alford
1433,31,3,5.252946288932868,Wilson Ramos
14330,25,5,4.944544469576239,Nick Williams
14335,25,6,7.198096580679242,Dilson Herrera
14344,25,5,16.092005482690954,Matt Olson
14350,25,5,4.883481931599294,Raimel Tapia
14352,25,5,10.451217315006243,Lewis Brinson
14387,24,6,5.107076007769341,Harold Ramirez
14388,24,6,10.101069813872051,Ronald Guzman
14453,26,6,10.877580764341868,Scott Heineman
14477,26,6,5.143278480084957,Jake Cave
14503,25,6,13.578755563314969,Renato Nunez
14523,25,5,11.701715012368508,Pedro Severino
14551,24,5,15.100995731560397,Anthony Santander
14553,24,3,9.159802094463013,Nomar Mazara
14566,23,6,10.931983647003987,Franmil Reyes
14567,24,6,13.33730367713373,Franchy Cordero
14593,26,6,16.454707766007704,David Bote
14678,25,6,15.237942008020694,Tzu-Wei Lin
14691,25,6,6.3478417051700005,Harold Castro
14712,24,4,10.589936323440735,Manuel Margot
14713,24,6,8.142282094923322,Dawel Lugo
14735,25,6,10.453078641236884,Brett Phillips
14738,26,6,10.882641376681024,Phillip Ervin
14773,23,6,6.619722374046601,Yu Chang
14773,23,6,6.619722374046601,Yu-Cheng Chang
14811,28,6,8.435236021936525,Luke Voit
14813,28,6,9.07770443219152,Kyle Farmer
14818,27,5,2.75862168033876,JaCoby Jones
14854,28,6,4.084015378568554,Mike Yastrzemski
14885,26,5,7.879055110927314,Pat Valaika
14894,27,5,11.575787021273204,Tony Kemp
14897,27,6,6.737314433558718,Daniel Palka
14942,27,5,2.8580792081789537,Andrew Knapp
14950,25,5,6.499378361566538,Johan Camargo
14968,25,5,5.883563063505047,Victor Caratini
15082,27,5,-0.0812095885570898,Adam Engel
15104,27,6,7.546202853694785,Jonathan Davis
15112,24,5,13.26119507963131,Ryan McMahon
15115,25,6,4.027663701952648,Dylan Cozens
15117,27,5,7.537482547776612,Hunter Dozier
15124,26,6,8.213880888389216,Tim Locastro
15149,27,4,9.400231684653974,Trey Mancini
15156,27,6,5.261451556032507,Ian Miller
15161,28,5,1.0123751539873194,Mitch Garver
15170,24,6,9.597723555484718,Josh VanMeter
15172,26,4,7.751953592410187,Tim Anderson
15181,27,6,14.521378486553385,Ryan Cordell
15191,27,4,3.3899583505122015,Chad Pinder
15194,23,6,15.501408178103363,Jake Bauers
15207,27,6,6.327423460411695,Stuart Turner
15214,27,6,6.959325721063252,Brandon Dixon
15223,27,4,6.829189441914544,Adam Frazier
15271,28,6,17.670392712957128,Austin Wynns
15274,28,6,9.32330964748587,Mike Tauchman
15351,27,6,4.194530741970355,Frank Schwindel
15362,27,6,8.597387035008305,Jeff McNeil
15402,28,6,4.090315339444556,Jack Mayfield
15407,29,6,7.807920149221268,Nate Orf
15429,27,3,12.90857474739902,Kris Bryant
15447,27,4,3.069255653065997,Ryon Healy
15464,27,5,6.389095903180832,Hunter Renfroe
15482,25,6,9.482376068673572,Aristides Aquino
15487,24,5,6.598706648351309,Victor Reyes
15491,24,5,9.595066002319005,J.P. Crawford
15518,23,5,11.648856520446005,Amed Rosario
15519,23,6,3.6757184416878195,Franklin Barreto
15564,28,5,7.3925004991685705,Tyler White
15585,26,6,8.248706186613566,Mike Ford
15608,27,6,4.467262701468585,Willians Astudillo
15640,27,4,21.343968947248026,Aaron Judge
15653,24,6,4.517912066757988,Dominic Smith
15654,24,6,7.4867855747635215,Billy McKinney
15672,24,6,18.907986134982725,Austin Meadows
15674,24,6,6.956627618705874,Reese McGuire
15676,32,1,1.7731184193857814,Jose Abreu
15679,24,6,7.329671473123233,Rowdy Tellez
15694,24,6,4.725414276674767,Chance Sisco
15711,24,6,13.283870745389748,Tyler O'Neill
15730,24,5,-1.5536650072845712,Tyler Wade
15766,25,6,7.506956120175689,Raudy Read
15769,26,6,10.245899539074056,Rafael Bautista
15794,25,6,5.028000750652748,Yonathan Daza
15937,28,4,4.280574005424314,Aledmys Diaz
15941,29,6,3.230846894011068,Austin Nola
15958,24,6,10.778635555584737,Travis Demeritte
15983,24,5,6.704189597511913,Clint Frazier
15986,23,6,6.914397402287705,Willy Adames
15988,23,6,5.621692407409415,Deivy Grullon
15998,23,5,23.50822628400907,Cody Bellinger
16041,27,6,5.416239713678901,Stevie Wilkerson
16041,27,6,5.416239713678901,Steve Wilkerson
16153,26,5,8.227262718644083,Austin Slater
16192,25,6,19.408067832366655,Derek Fisher
16211,26,6,6.9986644101796776,Kevin Cron
16219,26,6,9.816326881451927,J.D. Davis
16221,26,6,12.57280698087541,Bradley Zimmer
16246,26,6,12.867809369029674,AJ Reed
16246,26,6,12.867809369029674,A.J. Reed
16252,26,4,17.794954627522998,Trea Turner
16263,25,6,9.360944302061332,Sam Travis
16271,26,5,0.7881976897641474,Alex Blandino
16285,24,6,2.73438482558116,Michael Hermosillo
16291,24,6,5.500991489329521,Nick Ciuffo
16313,24,6,-0.7331827537771652,Yairo Munoz
16357,25,6,6.559636929049846,Pablo Reyes
16375,24,6,8.019698648252144,Oscar Mercado
16376,26,3,9.883583043258662,Michael Conforto
16403,23,6,10.779821073547408,Francisco Mejia
16404,23,6,5.920559678116827,Domingo Leyba
16411,23,6,4.266274811267527,Richard Urena
16424,25,6,11.809253595601131,Jordan Luplow
16426,23,6,7.461613351710061,Thairo Estrada
16429,23,6,11.508207683735492,Jason Martin
16434,24,6,0.6809005492159698,Christian Arroyo
16442,25,6,14.159119067923145,Ryan O'Hearn
16451,24,6,6.518957022059816,Luis Guillorme
16472,26,5,18.731062688325956,Rhys Hoskins
16478,26,3,9.448121523479514,Kyle Schwarber
16505,26,5,24.059798144551525,Matt Chapman
16512,24,5,9.149735404110343,Isiah Kiner-Falefa
16524,27,6,5.927523305726202,Ryan McBroom
16530,24,6,5.2274882415545845,Mauricio Dubon
16535,24,6,15.824125210365585,Danny Jansen
16542,23,6,15.593492815603858,Shed Long Jr.
16542,23,6,15.593492815603858,Shed Long
16556,22,5,21.730792991742735,Ozzie Albies
16565,26,6,3.6640288402674663,Mark Zagunis
16572,26,6,5.895965695287634,Connor Joe
16578,27,6,13.876415048008756,Yandy Diaz
16622,22,6,22.47240024926465,Luis Urias
16623,26,6,-0.296192201670079,Greg Allen
16725,26,6,4.272131001103003,Jose Trevino
16729,27,6,5.071466713916307,Brian O'Grady
16885,26,6,11.03187034792288,Josh Fuentes
16909,26,5,17.07719867948736,Colin Moran
16925,26,6,-0.9819052884993503,Aramis Garcia
16939,23,6,12.155840524345518,Lane Thomas
16997,22,6,20.296458558627158,Gleyber Torres
17005,25,6,7.864592032503098,Gavin Cecchini
17022,23,6,4.867194987524177,Edmundo Sosa
17027,23,6,18.75773738752372,Alex Verdugo
17062,26,6,11.471852726317696,Grayson Greiner
17109,22,6,10.029191300918711,Meibrys Viloria
17128,24,6,19.944121332713884,Ramon Laureano
17161,27,6,8.325277386402728,Chad Wallach
17232,24,5,19.756251478479452,Yoan Moncada
17276,23,6,8.25061169693875,Alex Jackson
17278,23,6,12.031915325037463,Bobby Bradley
17321,23,6,19.910762299364876,Michael Chavis
17326,22,6,10.365349029383948,Cole Tucker
17338,22,6,13.823024099367164,Willi Castro
17350,22,5,17.087598535324386,Rafael Devers
1744,36,5,7.566288370256985,Miguel Cabrera
17468,24,6,7.761490504867159,Kelvin Gutierrez
17484,22,6,23.864791925135112,Eloy Jimenez
17548,25,6,9.585265055373707,Taylor Ward
17588,25,6,2.1259429223037287,Blake Trahan
17620,24,6,30.864981932536953,Myles Straw
17642,27,5,8.205718052958073,JT Riddle
17642,27,5,8.205718052958073,J.T. Riddle
17678,25,4,24.58380230144057,Alex Bregman
17689,25,6,-0.6454477939136983,Kevin Kramer
17696,25,6,17.293556484352898,Kevin Newman
17710,26,6,13.694701811051962,Matt Beaty
17714,25,6,13.655132707999527,Christin Stewart
17719,25,6,6.017509527731298,Steven Duggar
17723,25,6,10.085539358769966,Skye Bolt
17736,24,6,10.216332594017574,Richie Martin
17736,24,6,10.216332594017574,Richie Martin Jr.
17738,25,6,-2.316518318682326,Chris Shaw
17766,25,6,12.16843400186645,DJ Stewart
17766,25,6,12.16843400186645,D.J. Stewart
17806,25,6,10.711365197086044,Braden Bishop
17807,25,6,8.686212569534039,Drew Jackson
17838,24,6,9.94034527750952,Willie Calhoun
17901,24,4,21.64136092034737,Andrew Benintendi
17907,22,6,3.2734420503083874,Brendan Rodgers
17919,24,5,8.149858166487293,Ian Happ
17922,23,6,13.767139235362768,Isan Diaz
17929,24,6,18.684010972703042,Cedric Mullins
17929,24,6,18.684010972703042,Cedric Mullins II
17932,25,6,10.203509537490623,Andrew Stevenson
17954,25,6,3.435069613263829,Sam Hilliard
17975,25,5,13.161054373909549,Scott Kingery
17982,24,6,8.828032187581638,Ty France
17992,25,6,18.96886833240072,David Fletcher
18015,25,5,11.907657232937835,Paul DeJong
18030,25,5,3.913199176924796,Harrison Bader
18042,26,6,9.077245212802817,Dylan Moore
18063,27,6,3.6901305601778356,Kyle Garlick
18067,26,6,5.626883891526612,Garrett Stubbs
18083,25,6,12.693862751470666,Austin Allen
18126,25,6,17.416103564772087,LaMonte Wade Jr
18126,25,6,17.416103564772087,LaMonte Wade
18146,27,6,9.444373642392264,Kevin Kaczmarski
18171,26,6,10.704978141270223,Seth Brown
18206,25,6,12.476545377729838,Nick Dini
18288,25,6,6.005134128403815,Austin Dean
18289,26,5,14.836712462698534,Brian Anderson
18314,25,4,9.492600742796771,Dansby Swanson
18316,25,6,13.76559446785638,Edwin Rios
18345,22,6,19.89259817771028,Kyle Tucker
18360,22,6,6.434952646196849,Austin Riley
18363,22,6,17.796903341089862,Victor Robles
18401,21,6,32.10929082215121,Ronald Acuna Jr.
18564,22,6,7.884433559345966,Trent Grisham
18568,22,6,9.978736129471361,Luis Arraez
18607,25,6,10.14261226740734,Jared Walsh
18721,28,4,4.624639909859025,Guillermo Heredia
18839,22,6,10.984308541215901,Josh Naylor
18882,24,6,20.97728938772752,Brandon Lowe
18887,25,6,2.9128072412996766,Seby Zavala
18889,25,6,10.580888048399794,Danny Mendick
19181,24,6,5.048160519326648,Zack Collins
19197,24,6,8.769612818154934,Will Smith
19198,35,5,7.495454285757671,Yuli Gurriel
19238,25,6,9.882269724543795,Lourdes Gurriel Jr.
19251,24,6,16.709166900050267,Pete Alonso
19251,24,6,16.709166900050267,Peter Alonso
19252,24,6,11.258215761071718,Cavan Biggio
19262,24,6,29.855080063230726,Garrett Hampson
19290,24,6,7.889851585698699,Randy Arozarena
19293,24,6,13.334543076404193,Nick Senzel
19294,24,6,20.712143210938812,Nick Solak
19314,25,6,11.356301416448265,Donovan Walton
19318,24,6,10.340508571027238,Matt Thaiss
19326,24,6,8.703606363357407,Bryan Reynolds
19339,24,6,23.183927576098082,Nicky Lopez
19352,24,6,6.551771645753532,Sean Murphy
19363,23,6,26.770129679923805,Austin Hays
19452,24,6,4.691158379711454,Jake Rogers
19470,24,6,11.337032080447473,Tommy Edman
19508,23,6,5.9145217678068285,Kyle Lewis
19514,24,6,11.80072059568687,Andrew Knizner
19552,24,6,10.856443029919344,Jaylin Davis
19556,22,6,16.588049195215675,Yordan Alvarez
19566,23,6,6.904329983489975,Nate Lowe
19566,23,6,6.904329983489975,Nathaniel Lowe
19611,20,6,22.437986091286668,Vladimir Guerrero Jr.
19612,21,6,33.2874150243976,Bo Bichette
19635,24,6,5.576335572763662,Sheldon Neuse
19683,25,6,8.210409890911091,Michael Brosseau
19703,25,6,9.637869210496413,Jake Noll
19709,20,6,19.112251908010084,Fernando Tatis Jr.
19734,25,6,20.227071212631955,Josh Rojas
19755,24,5,16.193442298344763,Shohei Ohtani
19844,22,6,28.371972530639667,Abraham Toro
19858,22,6,20.076377680858638,Luis Rengifo
19878,23,6,11.56126061267885,Adam Haseley
19955,21,6,14.744189363552476,Gavin Lux
19958,21,6,4.617138701151873,Carter Kieboom
20003,22,6,16.884207478297785,Keston Hiura
20123,20,6,53.484164308705225,Juan Soto
2136,31,2,4.500351805823197,David Peralta
2151,36,0,0.2597887396367733,Edwin Encarnacion
2396,33,3,6.165348978774051,Carlos Santana
2396,33,1,2.5960552186795103,Carlos Santana
2434,38,0,-1.353510013313546,Nelson Cruz
2502,33,0,0.49977726055060157,Lucas Duda
2530,32,0,1.1515394387003561,Yonder Alonso
2616,33,0,0.8335616457337263,Zack Cozart
2829,32,3,0.956799862531603,Manny Pina
2900,30,2,2.7215911772373036,Roberto Perez
2967,31,3,10.086429570380853,Tommy Pham
3086,33,1,0.35389962408010195,Mitch Moreland
3142,35,0,-0.46034528955811205,Robinson Chirinos
3174,36,0,-0.13075036530707948,Shin-Soo Choo
3256,32,0,-0.5269646105272987,Welington Castillo
3269,36,5,9.00192209087769,Robinson Cano
3298,30,3,1.358915783864511,Charlie Culberson
3312,35,1,1.086211457829299,Martin Prado
3353,34,0,1.0107197261768117,Matt Joyce
3376,35,0,-2.715361503494378,Nick Hundley
3410,35,3,6.227705545651579,Ryan Braun
3448,36,0,-0.19850756475358589,Jeff Mathis
3473,29,3,9.676387240423914,Anthony Rizzo
3516,29,7,22.384031863441905,Eric Hosmer
3711,32,3,6.650788024423083,Eric Thames
3892,32,0,0.7059324997350442,Josh Reddick
4022,34,0,0.616152086070028,Melky Cabrera
4062,33,3,3.4712623539097724,Dexter Fowler
4106,32,0,2.284934798894779,Michael Brantley
4146,31,3,2.128631369914147,Gorkys Hernandez
4220,34,0,1.1537509127431187,Ryan Zimmerman
4229,35,1,0.07741790673243708,Howie Kendrick
4298,33,0,-0.13704782863279436,Matt Wieters
4314,35,6,22.619447338882086,Joey Votto
4316,34,3,6.816402622238974,Daniel Murphy
4403,39,2,-1.025647389929521,Erik Kratz
4579,29,0,1.3299681167844157,Starlin Castro
4616,36,1,2.466290948164962,Russell Martin
4747,38,0,0.3387187100854532,Curtis Granderson
4810,35,0,2.6274269975039415,Brian McCann
4866,34,1,3.4310708328201995,Jarrod Dyson
4881,33,0,-0.915394507348082,Carlos Gomez
4892,30,0,0.7725235931784336,Mike Moustakas
4922,28,2,7.720308680538281,Ender Inciarte
4940,29,5,10.766882584901367,Jason Heyward
4949,29,10,36.04593379385162,Giancarlo Stanton
4962,33,0,0.3397004163142093,Asdrubal Cabrera
5038,33,0,3.507162317938521,Josh Donaldson
5209,35,0,0.5762751219994358,Alex Gordon
5222,31,4,10.160489561041693,Justin Upton
5223,32,0,0.36036474074166414,Cameron Maybin
5227,34,0,-0.1312531158107151,Jon Jay
5235,34,0,3.965082513039561,Justin Turner
5238,29,6,16.53147160223548,Isaac Galloway
5254,29,2,2.3162348650768734,Robbie Grossman
5273,30,2,-0.06952792719838577,Sandy Leon
5275,33,1,3.6500272866252894,Francisco Cervelli
5297,29,1,5.106643738591349,Aaron Hicks
5306,33,6,7.841106575400709,Kristopher Negron
5343,32,3,5.0446893918370606,Brandon Crawford
5352,31,1,0.18451335496775045,Yangervis Solarte
5361,29,3,11.518577769469507,Freddie Freeman
5384,30,1,2.749816162560438,Juan Lagares
5409,32,0,0.7153895685729427,Pablo Sandoval
5417,29,6,23.48356476866511,Jose Altuve
5452,28,5,7.6046434165877255,Ji-Man Choi
5491,30,1,0.3411999646136774,Austin Romine
5497,30,0,1.3899366693809476,Marwin Gonzalez
5503,30,6,2.446575205326991,Corban Joseph
5517,29,6,11.605997953078889,Kyle Higashioka
5631,34,1,0.8545346014786777,Matt Kemp
5751,28,2,2.827854843454206,Hernan Perez
5760,28,1,1.1145274566305625,Avisail Garcia
5827,27,1,1.9981018139705045,Wilmer Flores
5913,28,2,-0.0890232886835732,Leury Garcia
5930,35,0,1.865243341097075,Nick Markakis
5933,29,5,11.252915095285847,Jean Segura
5942,31,2,-0.5083201908338971,Jesus Sucre
6012,29,1,5.6627321370236166,Didi Gregorius
6153,30,3,3.885188007165249,Eduardo Escobar
6184,31,4,8.591368169362305,J.D. Martinez
6195,37,0,1.626722821421812,Ian Kinsler
6368,33,0,0.2149355473268233,Adam Jones
6547,32,0,0.4130194616532674,Jordy Mercer
6589,34,0,0.20773317204556396,Sean Rodriguez
6609,29,0,1.6837376297035884,Freddy Galvis
6677,32,4,2.7162013528594184,JB Shuck
6848,32,0,-0.09315726191368301,Eduardo Nunez
6885,33,4,3.7649688910410477,Ian Desmond
6887,32,0,1.3460690200469405,Martin Maldonado
7007,36,0,1.386349104947305,Yadier Molina
7125,32,6,1.2182184689059303,Alberto Rosario
7185,32,0,0.7464463749791607,Logan Forsythe
7216,28,6,3.177509984643703,Cesar Puello
7287,33,0,-0.7462918356839467,Carlos Gonzalez
7435,38,1,0.8584026367309802,Ben Zobrist
7476,32,1,0.03898286485334251,Alex Avila
7539,33,0,0.5725697034561843,Neil Walker
7619,35,0,-1.1266455345448283,Mark Reynolds
7802,30,2,2.174159543224995,Miguel Rojas
785,33,1,3.309817157967947,Todd Frazier
7859,32,5,15.346711794310398,Charlie Blackmon
7870,33,0,0.6105253202088348,Jonathan Lucroy
7927,33,0,-0.5205495376746575,Eric Sogard
7949,29,2,0.7789875597837903,Tim Beckham
7996,30,4,10.207843390290066,Jose Martinez
8001,35,0,1.0636751185954691,Hanley Ramirez
8090,33,4,11.246545674185372,Matt Carpenter
8202,31,0,0.20677200403800372,Josh Harrison
8203,31,3,3.447725990018367,Dee Gordon
8203,31,1,0.49417942139194826,Dee Gordon
8252,36,0,-0.4464041215157468,Hunter Pence
8259,35,0,0.3533568911848892,Kurt Suzuki
8267,36,0,-0.535829866516072,Chris Iannetta
8392,32,3,2.0224515396210743,Daniel Descalso
8418,29,2,1.0755713498565556,Ehire Adrianza
8553,32,0,0.35692272840797534,Gerardo Parra
8609,31,3,0.7520321427321454,Tim Federowicz
8610,36,1,-1.169904508878326,Kendrys Morales
8623,31,3,2.77322576086705,Donovan Solano
8709,30,5,11.712421024765742,Elvis Andrus
8722,32,1,2.3388077139829155,Jason Castro
9015,32,0,0.8807371950151051,Gordon Beckham
9054,32,0,-0.9532917325167489,Justin Smoak
9077,33,4,11.129384844556961,Lorenzo Cain
9112,31,1,2.858704732482742,Khris Davis
9134,33,0,1.9255178418020094,Tyler Flowers
9166,32,4,11.2122959950805,Buster Posey
9218,31,6,23.085429282317524,Paul Goldschmidt
9241,30,1,4.114544376866698,Starling Marte
9253,29,4,8.776359229735426,Keon Broxton
9256,31,5,11.179625076083548,A.J. Pollock
9272,33,4,2.354457094908486,Chris Davis
9284,31,2,3.422556246880422,Chris Herrmann
9308,31,2,-1.563459119155601,Josh Phegley
9345,31,1,0.7315703061386974,Brock Holt
9368,33,5,9.476743530297304,Evan Longoria
9393,30,0,0.5458445507520254,Matt Adams
9433,31,5,2.462709596313769,Dustin Garneau
9549,36,0,-0.926810102217511,David Freese
9627,31,0,0.6971198256312507,Yan Gomes
9744,31,2,3.732907266802409,Justin Bour
9774,28,2,2.4966854009065758,Christian Vazquez
9776,32,0,1.2649510638507262,Jason Kipnis
9777,28,1,8.397210574638505,Nolan Arenado
9785,31,4,8.856586909316558,Kyle Seager
9807,31,2,0.32555113036942424,Ryan Goins
9810,32,0,0.7449947135148706,Brian Dozier
9847,32,4,10.319123219459769,Andrew McCutchen
9874,30,1,3.4905680763442786,DJ LeMahieu
9892,32,0,-0.0035853843967194542,Jay Bruce
9927,35,0,2.0640277846622763,Brett Gardner
9957,36,0,0.9280180879798234,Steve Pearce
sa187955,19,6,13.097228925590176,Gaspar Palacio
sa3002634,21,6,10.493482311149378,Wilmer Perez
sa3002703,19,6,0.9805279903162553,Jose Curpa
sa3002707,19,6,13.267125854628622,Sandy Martinez
sa3002710,19,6,20.921190369724115,Juan Aparicio
sa3002712,20,6,20.717083163550452,Axel Andueza
sa3002722,24,6,4.735553154058347,Lazaro Alonso
sa3002728,24,6,9.589536497651688,Brandon Sandoval
sa3002754,24,6,16.531418673828696,Tanner Nishioka
sa3002836,23,6,10.822771918716589,Evan Mendoza
sa3002838,22,6,10.751595413959322,Daulton Varsho
sa3002843,24,6,7.574559214350709,Jordan Wren
sa3002854,19,6,19.00813297027704,Jesus Maestre
sa3002857,19,6,22.469591719251056,Tucupita Marcano
sa3002877,24,6,6.690523045362163,Chris Hess
sa3002879,23,6,8.081750787821173,Brandon Benson
sa3003171,20,6,8.325213419351611,Christopher Morel
sa3003172,24,6,13.394018867291166,Brent Rooker
sa3003173,20,6,-1.3188092180508393,Ernesto Martinez
sa3003175,20,6,20.925719098922215,Fidel Castro
sa3003180,23,6,7.905560619598426,Hagen Owenby
sa3003183,19,6,8.831529024927686,Marcos Brito
sa3003184,19,6,5.5926311973274645,Yerdel Vargas
sa3003187,20,6,10.476008833296648,Robert Javier
sa3003190,19,6,8.790843756809062,Erik Pena
sa3003191,19,6,-1.4188408948170186,Ivan Herrera
sa3003192,20,6,10.846798200912232,Ranser Amador
sa3003219,21,6,3.693962043753759,Rafael Lantigua
sa3003221,18,6,-4.182289014823044,Jordan Diaz
sa3003224,18,6,2.6286686847628564,Julio De La Cruz
sa3003226,19,6,33.832698227662895,Gabriel Moreno
sa3003236,19,6,14.167094493006704,Wilfred Astudillo
sa3003246,19,6,5.5702793444355025,Maikel Garcia
sa3003262,19,6,32.27800808585968,Eliezer Alfonzo
sa3003277,20,6,0.09884516330661838,Warling Vicente
sa3003288,19,6,8.82348686745081,Jose Peroza
sa3003290,19,6,19.155766956605984,Geraldo Perdomo
sa3003295,19,6,8.263043088462204,Jose Devers
sa3003305,19,6,8.126305068336897,Oswald Peraza
sa3003314,19,6,8.774788509106475,Anthony Coronado
sa3003320,19,6,34.62994136861188,Carlos Soler
sa3003326,19,6,9.516119447081117,Wenceel Perez
sa3003329,19,6,9.784970122697127,Pablo Abreu
sa3003330,19,6,6.903078849263939,Deury Carrasco
sa3003333,19,6,6.311532648785498,Jeikol Contreras
sa3003344,19,6,8.411538706048166,Alexander Samuel
sa3003346,19,6,6.473760788552082,Yowelfy Rosario
sa3003347,19,6,9.533786176434345,Sebastian Espino
sa3003350,19,6,11.912257442142515,Kenneth Betancourt
sa3003396,21,6,24.994536168173454,Luis Robert
sa3003410,19,6,11.930851310796136,Deybert Lozano
sa3003421,19,6,12.095929235484789,Marlon Marcano
sa3003428,20,6,7.102015751532837,Jonathan Soto
sa3003961,23,6,5.668711553651543,Chase Pinder
sa3003962,23,6,8.424219731166962,Jake Adams
sa3003963,23,6,5.9306202824887775,Billy Cooke
sa3003964,24,6,8.53490464692207,Ryan Grotjohn
sa3003965,23,6,4.736422463850384,Cole Peterson
sa3004041,20,6,7.838744618506049,Luis Campusano
sa3004042,20,6,7.679388705452304,Cash Case
sa3004047,19,6,3.5208026997959143,Gabriel Arias
sa3004060,22,6,3.301107932226942,Marcus Chiu
sa3004061,22,6,-0.6958354815601849,Connor Hoover
sa3004062,24,6,8.608966050507153,Zane Gurwitz
sa3004063,24,6,9.848934916818783,Luis Roman
sa3004066,24,6,15.129751630093702,Robbie Podorsky
sa3004072,19,6,7.632004792322197,Michael Cooper
sa3004078,24,6,10.55068943628188,Pat McInerney
sa3004126,24,6,0.7419181313637614,Logan Farrar
sa3004128,24,6,15.276750923532045,Laz Rivera
sa3004137,24,6,7.746721469857283,Mitch Reeves
sa3004149,19,6,5.372086345915494,Agustin Ruiz
sa3004150,19,6,7.65351913008054,Victor Ruiz
sa3004153,20,6,0.9941704955957955,Blake Hunt
sa3004159,23,6,15.279152412173762,Brewer Hicklen
sa3004164,24,6,7.373669339597586,Mark Contreras
sa3004166,25,6,3.80194663156784,Zach Reks
sa3004168,20,6,8.219342102034204,Nate Scantlin
sa3004170,25,6,6.046090168708933,Austin Listi
sa3004174,24,6,10.342379398755764,Chas McCormick
sa3004255,25,6,16.841531805843434,Renae Martinez
sa3004259,20,6,6.033778560621586,Royce Lewis
sa3004266,19,6,10.376924749922122,Alison Quintero
sa3004268,20,6,11.661438932186611,Otto Lopez
sa3004271,20,6,9.344904216630383,Davis Tavarez
sa3004278,20,6,11.440299352778782,Mason House
sa3004281,24,6,9.682644983031787,Cameron Baranek
sa3004282,20,6,1.4061411204570977,Obie Ricumstrict
sa3004284,22,6,10.148813912322787,Jared Akins
sa3004285,23,6,8.337146474100498,Dylan Rosa
sa3004286,23,6,8.420490741526555,Micah Brown
sa3004294,24,6,4.975589426297254,Will Robertson
sa3004297,23,6,13.256217010384379,Brent Diaz
sa3004301,24,6,14.950570104164253,Ben Rodriguez
sa3004378,20,6,10.108334405289067,Drew Waters
sa3004381,20,6,7.013935897598845,Ulrich Bojarski
sa3004390,23,6,9.760715212835684,Demetrius Sims
sa3004391,24,6,7.780933990649232,Ricky Surum
sa3004511,20,6,5.45441839923315,Andre Colon
sa3004513,23,6,6.739630201494945,Brett Pope
sa3004610,23,6,6.079375955392462,Nic Perkins
sa3004616,20,6,1.5139721956618089,Cole Brannen
sa3004696,23,6,6.181854577362765,Kyle McPherson
sa3004720,19,6,10.999220209723445,Mark Vientos
sa3004721,21,6,-1.8339037670886191,Zach Jackson
sa3004756,19,6,5.896377190985383,Nathan Perry
sa3004804,23,6,6.972348893994973,Brett Netzer
sa3004813,23,6,6.439554918187712,Logan Warmoth
sa3004815,20,6,9.704457922017601,Jake Holmes
sa3004817,22,6,24.68666365715222,Jose Caballero
sa3004837,20,6,27.341390660718933,Jo Adell
sa3004840,24,6,15.465601304531974,Jack Larsen
sa3004878,24,6,2.18422661085899,Alex Dunlap
sa3004884,20,6,10.674640449895861,Justin Connell
sa3004885,20,6,9.630930599852247,Mason Martin
sa3004886,24,6,9.734677011167909,Phil Caulfield
sa3004930,23,6,6.012935146380639,Austen Wade
sa3004933,21,6,8.6985535338376625,Olivier Basabe
sa3004934,24,6,10.186730838709426,Riley Delgado
sa3004937,23,6,6.325432815919175,Jared Young
sa3004940,25,6,9.930645757610325,Henry Quintero
sa3004968,20,6,9.922105547963723,Tristen Lutz
sa3004970,20,6,-2.372147562834488,Isaiah Henry
sa3004977,24,6,11.412098454338599,Greg Deichmann
sa3004978,23,6,10.669544843534897,Robbie Glendinning
sa3004982,24,6,5.251405896139226,David Metzgar
sa3004997,22,6,10.821004979878994,Michael Smith
sa3005053,23,6,9.898332047553678,J.D. Osborne
sa3005081,20,6,10.08852732372209,Jacob Amaya
sa3005129,20,6,16.688794585289845,Nelson Velazquez
sa3005130,18,6,20.293353759904715,Hemmanuel Rosario
sa3005233,25,6,10.071027883978848,LJ Hatch
sa3005235,25,6,2.264026416548397,Jimmy Kerrigan
sa3005360,23,6,6.460507522050926,Joe Dunand
sa3005476,18,6,0.8690058419540504,Fadriel Cruz
sa3005481,18,6,4.95847543028329,Wilfri Peralta
sa3005484,18,6,2.948538236224174,Roberto Chirinos
sa3005485,18,6,1.658840177026206,Larry Ernesto
sa3005486,18,6,15.29059064229454,Miguel Hiraldo
sa3005523,18,6,3.4563874557846566,Andres Melendez
sa3005524,18,6,4.882426871475447,Jorge Barrosa
sa3005550,18,6,16.15553632804059,Alejandro Fernandez
sa3005561,18,6,3.6981266270528623,Jose Rivas
sa3005568,18,6,4.912613049904868,Enrique Valdez
sa3005569,18,6,0.15545488850981265,Eduardo Salazar
sa3005574,18,6,4.684755971995506,Jean Carvajal
sa3005582,18,6,2.2570941182768642,Liover Peguero
sa3005585,17,6,7.171763366973004,Moises De La Cruz
sa3005596,23,6,5.6532275546849675,Hasuan Viera
sa3005598,19,6,-1.1755315827337836,Julio Carreras
sa3005600,18,6,23.743697555396427,Antonio Cabello
sa3005602,18,6,-4.419982528718339,Danny Bautista
sa3005604,18,6,3.368728338598805,Carlos Goris
sa3005614,18,6,5.366703997603529,Darwin Baez
sa3005623,20,6,8.025204185286418,Johan Liberato
sa3005624,19,6,21.170398566450675,Ronaiker Palma
sa3005625,18,6,23.703913290706847,Andy Pages
sa3005626,18,6,10.758282347796955,Nestor Heredia
sa3005764,19,6,8.368140562726365,Marco Valenzuela
sa3005767,18,6,5.101703343974275,Miguel Fabrizio
sa3005772,18,6,5.011910524283142,Wilfrido Matos
sa3005782,17,6,-4.984280859773731,Elvin De Jesus
sa3005790,18,6,-0.9354571332090844,Edgar Martinez
sa3005898,18,6,16.477916951117578,Brayan Rocchio
sa3005916,18,6,3.0309404989680075,Guillermo Quintana
sa3006077,18,6,4.318301783320462,Jenderson Jardines
sa3006202,19,6,7.400288259748835,Manuel Garcia
sa3006548,19,6,8.445230062451849,Jose Cordova
sa3006578,18,6,-4.214155095035785,Sander Mora
sa3006596,20,6,12.41737937783299,Daniel Angulo
sa3006607,18,6,-6.374601284663436,Christhian Espinal
sa3006621,17,6,9.108766278698175,Bladimir Restituyo
sa3006645,23,6,14.840620137841974,Bobby Honeyman
sa3006653,21,6,6.610795649679683,Michael Curry
sa3006658,22,6,11.36031489403807,Seth Beer
sa3006664,21,6,7.546337187556216,Orlando Martinez
sa3006673,22,6,20.628058553707078,Owen Miller
sa3006679,23,6,8.302942331714448,Matt Sanders
sa3006684,22,6,8.506458670101345,Luke Mangieri
sa3006685,23,6,9.83090795426081,Ian Dawkins
sa3006710,23,6,14.518783454959314,Keegan McGovern
sa3006711,22,6,7.991104960082802,Gage Canning
sa3006726,22,6,5.706277552657269,Ryne Ogren
sa3006731,22,6,5.820151918082759,Vinny Capra
sa3006735,22,6,4.703637290535298,Justin Toerner
sa3006780,22,6,6.477639349042334,Kole Cottam
sa3006781,22,6,22.185239951674635,Matt Vierling
sa3006783,23,6,8.741661188175186,Marty Costes
sa3006786,22,6,18.272895984461705,Jarren Duran
sa3006787,23,6,12.497676409013902,David Fry
sa3006848,23,6,12.77115078218237,Brock Deatherage
sa3006850,22,6,8.4482914027314,Josh McLain
sa3006851,23,6,8.297644170876156,Billy Wilson
sa3006854,22,6,6.369674232861267,William Hancock
sa3006855,22,6,6.333821012380762,Dayton Dugas
sa3006858,22,6,16.23400748742865,Jonathan Engelmann
sa3006859,22,6,11.932020170723197,Daniel Reyes
sa3006860,21,6,9.157482507068757,Cobie Vance
sa3006861,22,6,14.416430272716374,Kyle Isbel
sa3006862,22,6,6.167000592460601,Jordan Verdon
sa3006864,21,6,2.9803875681324534,Avery Tuck
sa3006865,23,6,8.866513441200812,Pablo O'Connor
sa3006869,22,6,5.034813714791665,Devin Mann
sa3006871,22,6,21.590309835262968,Cal Stevenson
sa3006874,22,6,9.676644245706134,Ian Evans
sa3006876,23,6,13.518420971857141,Terone Harris
sa3006882,21,6,2.7210449843445783,Jose Verrier
sa3006884,18,6,-3.8872077080057372,Kristian Robinson
sa3006887,18,6,3.268346898222708,Ronny Mauricio
sa3006889,18,6,13.584172990199436,D'Shawn Knowles
sa3006892,19,6,19.050389718238794,Alek Thomas
sa3006893,19,6,10.864883612331955,Jordan Groshans
sa3006896,19,6,18.72990263457997,Miguel Vargas
sa3006899,22,6,10.372965793532433,Alexander Guerra
sa3006902,22,6,4.882347805958666,Camilo Quinteiro
sa3006906,23,6,9.014334420528147,Ben Aklinski
sa3006907,23,6,8.339465325063236,Rhett Aplin
sa3006911,22,6,1.1873108176224376,Eric De La Rosa
sa3006912,22,6,14.43480027146546,CJ Alexander
sa3006919,22,6,9.403728511110465,Nick Ames
sa3006923,24,6,22.402992551716533,John Valente
sa3006924,23,6,6.796317938074904,Ryan Ramiz
sa3006927,23,6,8.691595787785051,Chase Calabuig
sa3006930,23,6,11.92118621457124,Russ Olive
sa3006934,23,6,6.309500434782949,Clark Brinkman
sa3006935,22,6,17.15277150790764,Kaleo Johnson
sa3006936,22,6,5.563517059660868,Daniel Schneemann
sa3006940,23,6,8.723293212518488,Matthew Jarecki
sa3006941,24,6,10.044262270338592,Connor McVey
sa3006942,23,6,7.133295290134626,Justin Jones
sa3007001,23,6,11.004480140424619,Tyler Webb
sa3007004,22,6,5.99917633157526,Jeremiah Burks
sa3007006,21,6,10.86658885976669,Nick Gatewood
sa3007009,22,6,6.502919546737394,Hayden Senger
sa3007011,22,6,2.2278950848241146,Jackson Lueck
sa3007015,21,6,11.854348221109149,Jake McCarthy
sa3007017,19,6,4.6729962112157235,Nolan Gorman
sa3007018,19,6,27.28463272131469,Xavier Edwards
sa3007020,19,6,12.442348741225217,Kingston Liniak
sa3007022,18,6,5.386211102412569,Jarryd Dale
sa3007031,21,6,15.067594393681624,Davis Bradshaw
sa3007032,23,6,6.827782785294046,Andrew Turner
sa3007037,18,6,4.367323896404954,Angel Solarte
sa3007043,22,6,7.3279699810800665,Hunter Steinmetz
sa3007044,22,6,5.663563369877544,Greyson Jenista
sa3007051,22,6,6.743991591890797,Ryan Jeffers
sa3007055,22,6,12.056208883695652,Reece Hampton
sa3007059,18,6,-1.8897160493541723,Danuerys De La Cruz
sa3007063,22,6,12.903414866749841,David Villar
sa3007070,22,6,14.277014379911636,Justin Dean
sa3007078,23,6,17.402986900612074,Jordan Qsar
sa3007080,23,6,9.117741842061147,Gunnar Schubert
sa3007083,23,6,27.312917394705902,Matt Cogen
sa3007088,23,6,14.28377772323125,Vinny Esposito
sa3007093,24,6,14.427713858127074,David Garza
sa3007095,23,6,17.00531408977391,Andrew Warner
sa3007100,23,6,17.624532185747345,Grant Fennell
sa3007284,22,6,4.998726959275063,Alec Bohm
sa3007289,22,6,10.458787333934302,Brhet Bewley
sa3007291,20,6,11.860965166201543,Abdiel Layer
sa3007316,23,6,8.307158561527364,Jake Brodt
sa3007318,23,6,7.479367322406053,Michael Emodi
sa3007320,23,6,9.329815301302757,Luke Sherley
sa3007325,23,6,9.698381310486702,Hunter Lee
sa3007332,23,6,7.168850253702271,Robert Boselli
sa3007502,22,6,5.496653090160506,Matt Kroon
sa3007503,22,6,10.536157244089573,Nick Dalesandro
sa3007505,21,6,15.003931717916362,Ruben Cardenas
sa3007507,22,6,4.537220546094764,David Clawson
sa3007512,21,6,9.182052165785159,Travis Swaggerty
sa3007514,22,6,5.850763569962323,Connor Smith
sa3007516,23,6,6.499668698475381,Jonah Bride
sa3007525,22,6,21.71231133960593,Michael Mateja
sa3007629,23,6,17.55380552447664,Patrick Dorrian
sa3007630,23,6,10.363066821337105,Jon Littell
sa3007638,23,6,11.105881998606593,Kyle Marinconz
sa3007640,20,6,7.4470389425687875,Nicholas Northcut
sa3007645,22,6,7.336892419460189,Brendan Venter
sa3007646,24,6,10.78476046680719,Clayton Daniel
sa3007740,19,6,8.708002592427198,Jeremiah Jackson
sa3007742,20,6,6.681999345512791,Blaze Alexander
sa3007745,19,6,-0.018281683368125606,Brandon Howlett
sa3007749,18,6,3.1196884548994954,Johendry Vasquez
sa3007750,23,6,15.44327870490136,Logan Porter
sa3007786,22,6,28.7681369569553,Joey Bart
sa3007788,20,6,11.68865094862632,Sean Roby
sa3007821,23,6,10.014084218525666,Liam Sabino
sa3007822,22,6,10.08602401724821,Elih Marrero
sa3007823,22,6,8.336401262913395,Connor Kaiser
sa3007868,22,6,0.8485775131652925,Trey Dawson
sa3007871,22,6,6.376666710656079,Jake Slaughter
sa3007872,22,6,2.842601366739555,Hunter Feduccia
sa3007874,17,6,-4.853150210792505,Wilderd Patino
sa3007879,22,6,10.703781917638626,Tyler Durna
sa3007942,23,6,15.868402929590124,Eddie Silva
sa3007943,19,6,13.377290004935382,Parker Meadows
sa3007972,22,6,11.159760108700986,Brandon Riley
sa3007973,19,6,8.417575385147932,Will Banfield
sa3007975,18,6,-0.8442374711036447,Ezequiel Pagan
sa3007976,23,6,9.781766841818412,Levi Jordan
sa3008002,23,6,10.0663783440142,Kody Clemens
sa3008003,21,6,27.867402745275797,Alex McKenna
sa3008004,24,6,11.358337556030335,Luke Reynolds
sa3008032,19,6,13.017890448559978,Jordyn Adams
sa3008050,22,6,6.552114037132092,Zach Rheams
sa3008051,21,6,5.792244993021129,Josh Breaux
sa3008076,23,6,9.663307227282088,Madison Stokes
sa3008077,22,6,3.8971099455297193,Tristan Pompey
sa3008080,19,6,11.477547969394129,Connor Scott
sa3008107,23,6,6.9091139101346615,Cesar Salazar
sa3008139,22,6,11.157130349236526,Nick Madrigal
sa3008146,22,6,8.914984903648994,Matt Pita
sa3008178,22,6,11.761352305239864,Jonathan India
sa3008183,22,6,11.04720104994323,Jimmy Herron
sa3008248,23,6,15.402517076466752,Michael Davis
sa3008251,22,6,6.0134678048371315,Jax Biggers
sa3008267,22,6,15.90542395976037,Luken Baker
sa3008272,19,6,11.796587627625708,Endy Rodriguez
sa3008278,19,6,18.45479053061852,Bryce Bush
sa3008280,23,6,27.91855860596209,Michael Helman
sa3008282,21,6,7.645588901861773,Andy Weber
sa3008294,19,6,6.77501446044882,Brice Turang
sa3008298,20,6,8.19623899179126,Leonardo Seminati
sa3008306,22,6,7.156701106041659,Steele Walker
sa3008376,22,6,11.635892960790805,Trevor Larnach
sa323152,31,6,0.37994981849461357,Tim Tebow
sa505229,29,6,5.157660395706686,Francisco Diaz
sa505526,27,6,5.201010530064475,Anderson Feliz
sa547818,26,6,6.722066482020591,Rodrigo Vigil
sa548029,26,6,7.902979391211995,Erick Salcedo
sa548189,27,6,3.99606969262855,Kellin Deglan
sa548430,27,6,13.935159824061662,Wynston Sawyer
sa548556,27,6,7.445776829730755,Hunter Jones
sa550391,27,6,-1.6915092824883549,Damek Tomscha
sa597100,25,6,4.861263987485931,Bryan Mejia
sa599081,26,6,6.325755167756286,Tanner English
sa599216,26,6,7.95242438637599,Austin Davidson
sa599318,26,6,7.451157394286566,Mike Papi
sa599333,26,6,8.37329747397257,Josh Tobias
sa600255,26,6,3.775705740748027,Chris Mariscal
sa600840,26,6,0.648743069032216,Jake Hager
sa602394,26,6,5.8999395937354295,Eric Wood
sa602429,26,6,9.700331287005953,Drew Weeks
sa602488,25,6,4.909908675919595,Vimael Machin
sa602586,26,6,5.503194265258764,David Masters
sa603087,26,6,6.327087798909977,Hunter Cole
sa621523,28,6,6.467137786383134,Evan Marzilli
sa657285,25,6,8.810192673270603,Roberto Caro
sa657323,24,6,6.839865109848957,Angel Aguilar
sa657408,24,6,6.118258011593482,Daniel Fajardo
sa657479,24,6,6.8928962763468915,Malquin Canelo
sa657521,24,6,6.081978890459508,Angelo Castellano
sa657546,25,6,6.873482329526684,Andres Sotillo
sa657873,25,6,5.0623443637462175,Mitch Nay
sa657935,25,6,-0.21572079574191402,Joe DeCarlo
sa658081,25,6,6.495937786483877,Luis Valenzuela
sa658158,28,6,4.999091724249725,Jacob Wilson
sa658166,25,6,7.409957421863557,Rashad Crawford
sa658243,24,6,6.814539377349775,John Silviano
sa658290,25,6,7.156802473721502,Kody Eaves
sa658576,25,6,2.691986614179413,Jameson Fisher
sa658804,24,6,10.407968914123039,Jacob Robson
sa658811,24,6,5.335703990288373,Josh Lester
sa658901,25,6,6.758537347708348,A.J. Simcox
sa658909,28,6,3.5945723627393438,Jorge Saez
sa658966,25,6,5.194471100513383,Mikey White
sa658968,25,6,5.311299542910173,Ian Rice
sa658994,25,6,7.584125448103335,Tyler Krieger
sa658999,28,6,7.896003895269818,Wynton Bernard
sa659077,25,6,2.292719431647501,Zach Remillard
sa659238,24,6,6.3987981303634465,Elier Hernandez
sa659281,25,6,7.475970084916121,Cam Gibson
sa659290,25,6,8.254036333037318,David Thompson
sa660295,24,6,8.743490956836117,Alberto Mineo
sa724030,31,6,0.42478044109893975,Yadiel Hernandez
sa735839,23,6,7.064852056206749,Jose Azocar
sa735846,23,6,7.668956417547548,Grenny Cumana
sa736621,23,6,7.403223832728791,Johan Cruz
sa736690,23,6,11.615381220093782,Luis Barrera
sa736694,23,6,4.632403433410221,Jorma Rodriguez
sa736824,24,6,7.920697534615824,Ray-Patrick Didder
sa736830,26,6,6.477394688973275,Michael De La Cruz
sa736852,23,6,6.907808825285355,Aldrem Corredor
sa736875,24,6,2.0446518871628103,Luis Gonzalez
sa736911,24,6,7.774564337607841,Ademar Rifaela
sa736915,22,6,-0.21004053122692137,Luis Alexander Basabe
sa736917,23,6,8.722098665512906,Victor Acosta
sa736921,24,6,8.151390162104198,Isaias Lucena
sa736923,24,6,6.446830307987564,Jhon Nunez
sa736924,22,6,8.56452415742534,Luis Alejandro Basabe
sa736940,23,6,18.339883680018538,Jose Siri
sa736945,23,6,10.349620330294947,Michael Beltre
sa736954,23,6,15.205322506557462,Luis Castro
sa736960,22,6,9.049753686171995,Jose Martinez
sa736995,23,6,1.2274717243245807,Juremi Profar
sa737020,23,6,6.991193284848739,Luis Liberato
sa737090,24,6,10.841192968566821,Jean Angomas
sa737619,24,6,5.25327399222435,Gosuke Katoh
sa737626,24,6,14.726244887309937,Ben DeLuzio
sa737639,24,6,5.701002879659225,Jan Hernandez
sa737640,24,6,7.535331717101052,Thomas Milone
sa737690,24,6,7.901032623342685,Drew Ward
sa737817,24,6,7.071445592360563,Brian Navarreto
sa737824,24,6,3.7630845987131836,Jamie Westbrook
sa737838,24,6,7.699192962674602,Charcer Burks
sa737843,24,6,5.722025042907024,Jonah Heim
sa737859,24,6,8.042728443044693,Trey Michalczewski
sa737904,24,6,19.203606531732692,Heath Quinn
sa737941,24,6,11.781662808128663,Johneshwy Fargas
sa738152,23,6,4.554175478225757,Edwin Diaz
sa738204,25,6,8.284423551947562,Daniel Pinero
sa738300,23,6,7.657924596879829,Narciso Crook
sa738310,27,6,5.103444360788502,Joseph Odom
sa738419,24,6,8.163295683649302,Stephen Wrenn
sa738434,23,6,4.966283953189269,Nick Longhi
sa738459,24,6,13.022718999131117,Cody Thomas
sa738492,23,6,9.333260337776217,Steven Sensley
sa738505,24,6,7.532572676952528,Chris Okey
sa738507,23,6,8.36231506668812,Edgar Cabral
sa738510,24,6,12.854025288170462,Corey Ray
sa738521,23,6,9.33193888289796,Charles Leblanc
sa738557,23,6,9.76208803398252,Morgan Lofstrom
sa738605,24,6,10.537858676609174,J.C. Escarra
sa738650,25,6,7.970435562405439,John Riley
sa738667,24,6,9.436188532414867,Torii Hunter Jr.
sa738678,23,6,5.887869603676906,Luke Persico
sa738683,24,6,9.080563424485009,Buddy Reed
sa738703,24,6,10.038961984637238,Jordan Cowan
sa738883,24,6,11.487221144297427,Willie Abreu
sa738897,28,6,1.1868312240761274,Jake Romanski
sa738906,24,6,4.491783749429883,Trever Morrison
sa738936,24,6,14.785284048460705,Harrison Wenson
sa738955,23,6,18.486340016373532,Jacob Heyward
sa738977,23,6,21.50673976505993,Mark Karaviotis
sa738979,23,6,8.221879618448247,Brandon Wagner
sa738984,24,6,4.648739799517891,Ryan Lidge
sa738988,23,6,4.873699090053166,Anfernee Grier
sa739013,24,6,12.456022205905509,Dominic Miroglio
sa739014,24,6,5.665643711293359,Ryan Kirby
sa739541,23,6,5.488879655273858,Alexander Palma
sa739560,25,6,9.406563883742995,Jesse Hodges
sa739577,23,6,4.680689430134323,Julian Leon
sa745229,27,6,6.618922981628879,Marty Herum
sa746793,24,6,9.381690634575435,Chadwick Tromp
sa747574,23,6,8.201548982428383,Johan Mieses
sa754712,23,6,8.153284327153072,Walter Rasquin
sa823925,22,6,5.925579350606278,Michael De Leon
sa826668,22,6,4.9930089419175525,Rene Pinto
sa826672,23,6,10.719888845201195,Anthony Jimenez
sa826786,23,6,4.458189597071908,Eugene Helder
sa827140,25,6,11.646258026480481,Kyle Overstreet
sa827167,25,6,2.621197699012055,Patrick Mazeika
sa827195,26,6,8.795492335739885,Gunnar Heidt
sa827344,25,6,4.5680031977946856,Chris Chinea
sa827359,26,6,17.15985372782006,Eric Filia
sa827360,25,6,4.975900809373183,Taylor Gushue
sa827937,22,6,-1.5266972658971318,Alejandro Salazar
sa827951,23,6,22.949839792479153,Franklin Rollin
sa827953,23,6,6.79010745926876,Melvin Novoa
sa827959,22,6,2.0529979214484735,Anthony Dirocie
sa827960,21,6,6.22424055485625,Luis Carpio
sa827963,23,6,5.208481910593872,Welfrin Mateo
sa827965,24,6,7.2488818036510985,Jerry Seitz
sa827970,22,6,0.22219710435547227,Manuel Geraldo
sa827979,22,6,1.9228739977861065,Joantgel Segovia
sa828151,22,6,2.765306463477412,Jose Caraballo
sa828166,24,6,7.182691423525816,Raul Siri
sa828176,22,6,4.972642292315993,Gersel Pitre
sa828197,21,6,6.018997087077548,Ricardo Cespedes
sa828198,22,6,7.15996016374608,Ali Sanchez
sa828213,23,6,9.06782074313758,Gabriel Mejia
sa828232,22,6,1.806345813222701,Onil Pena
sa828250,22,6,9.158794831149521,Jean Carrillo
sa828281,23,6,10.386206960795231,Ramon Hernandez
sa828284,22,6,4.481145961796261,Francis Martinez
sa828299,23,6,9.91839791333966,Osvaldo Duarte
sa828304,22,6,-4.23423310310306,Bryan De La Cruz
sa828314,22,6,6.41739529163241,Jhonny Santos
sa828316,21,6,5.400234843909374,Samuel Miranda
sa828321,22,6,6.944488740841534,Telmito Agustin
sa828322,21,6,6.383584145170675,Anderson Franco
sa828379,21,6,10.580092839540427,Andres Luna
sa828380,22,6,-0.37263873761913974,Alexis Wilson
sa828381,22,6,9.735867803146531,Dennis Ortega
sa828382,21,6,10.575807313807028,Wadye Ynfante
sa828420,22,6,5.576701401351035,Lewin Diaz
sa828427,22,6,7.065727744079806,Carlos Rivero
sa828438,23,6,6.971101795493258,Eduardo Navas
sa828445,22,6,3.9779372335091994,Yohel Pozo
sa828577,22,6,7.2606597551195655,Carlos Perez
sa828662,23,6,11.462562792962277,Nick Gordon
sa828670,23,6,8.72562852066198,Derek Hill
sa828684,22,6,-1.7981358806830805,Chase Vallot
sa828685,23,6,7.9038822928652905,Jake Gatewood
sa828686,23,6,10.94564059952288,Justin Twine
sa828692,23,6,5.56284336867212,Michael Gettys
sa828796,23,6,6.786957431272182,Jakson Reetz
sa828871,23,6,11.046978575399327,Troy Stokes Jr.
sa828878,24,6,4.603424235542897,Gavin LaValley
sa828961,22,6,1.8923470505537583,Kevin Padlo
sa829010,23,6,-2.1774898449457063,Max George
sa829048,25,6,3.3850145903084825,Chris Gittens
sa829059,23,6,8.591034790770516,Kevonte Mitchell
sa829117,23,6,7.9197277129803965,Stone Garrett
sa829122,26,6,3.121277153452159,Zack Zehner
sa829152,25,6,7.46656817037363,Brian O'Keefe
sa829159,26,6,6.415075504146691,Ryan Metzler
sa829199,24,6,6.7802164685790745,Roberto Ramos
sa829219,27,6,6.219401641785706,Alec Keller
sa829268,22,6,4.954196134274307,Drew Lugbauer
sa829276,23,6,8.517701166196307,Gianpaul Gonzalez
sa829364,23,6,12.440916083295228,Jared Walker
sa829374,23,6,11.90693700477142,Rudy Martin
sa829375,23,6,1.0516177415214114,Josh Ockimey
sa829387,22,6,-5.385284276897596,Cristian Santana
sa829413,22,6,6.99747278427462,Zacrey Law
sa829468,22,6,3.298696136962567,Tra Holmes
sa829488,23,6,8.281107505111898,J.J. Matijevic
sa829494,23,6,8.415190379302985,Michael Cantu
sa829529,23,6,7.640821353607879,Jeren Kendall
sa829562,23,6,13.950900113667933,Josh Palacios
sa829697,23,6,8.354363053040844,Bubba Hollins
sa829715,24,6,5.855612179786369,Kirvin Moesquit
sa829783,23,6,9.914345960494977,Quinn Brodey
sa829797,23,6,8.17040182315109,Gavin Sheets
sa829803,25,6,2.2974666390717355,Jeff Hendrix
sa829805,23,6,2.019350015918872,Travis Jones
sa829813,23,6,15.521478456823724,Carl Chester
sa829822,23,6,6.398574288595247,Stuart Fairchild
sa829836,23,6,7.722260700509396,Dalton Guthrie
sa830037,22,6,5.8127726922330005,Andretty Cordero
sa830120,22,6,6.3561808588446205,Kevin Josephina
sa830140,22,6,-1.3324122773874791,Carlos Herrera
sa830204,22,6,4.494985953291688,Jomar Reyes
sa830217,22,6,4.627219702202935,Isael Soto
sa830227,21,6,11.263944974680022,Leonardo Molina
sa830277,25,6,0.8471657888129438,Kungkuan Giljegiljaw
sa830295,22,6,6.108540176497488,Jose Herrera
sa830300,22,6,4.566956783244985,Franklin Torres
sa830303,22,6,-1.9530982466538591,Micker Adolfo
sa833676,22,6,5.063828975459247,Hansel Moreno
sa857217,26,6,5.2863893704008404,Blake Allemand
sa857219,23,6,7.354578992181306,Gavin Collins
sa857222,24,6,8.827891193988483,Jason Delay
sa857225,24,6,8.557709490259086,Ryan Howard
sa857249,26,6,8.702204651932124,Zander Wiel
sa857538,25,6,10.573624340936023,Roberto Baldoquin
sa857701,24,6,27.203250656895555,Bobby Dalbec
sa857712,24,6,10.783629966756184,Michael Donadio
sa857730,24,6,10.989246752677545,Brennon Lund
sa857749,23,6,2.038747133660712,Nick Sciortino
sa857819,24,6,7.523352787558142,Errol Robinson
sa857824,25,6,5.654790828306579,Anderson Miller
sa857838,25,6,7.096541840429068,Logan Taylor
sa857840,25,6,9.058669592998326,Kyle Holder
sa858026,25,6,7.797836467876513,Connor Marabell
sa858039,25,6,13.122732897791678,Joe McCarthy
sa858055,25,6,5.636655289910642,Brendon Sanger
sa858812,24,6,7.224644747518455,Arden Pabst
sa858829,25,6,7.0085413697463554,Mitchell Tolman
sa862819,23,6,11.686007444994788,Wilbis Santiago
sa871433,22,6,4.069485592468793,Raul Rivas
sa872446,22,6,8.982276224133306,Irving Ortega
sa872464,20,6,0.6321947018212285,Edwin Yon
sa872468,21,6,10.033992804002022,Jesus Navarro
sa872473,21,6,5.957731935955418,Yonny Hernandez
sa872474,21,6,11.23632794331586,Anderson Tejeda
sa872477,20,6,19.58595888920871,Elehuris Montero
sa872486,21,6,8.860138047926394,Marino Campana
sa872490,22,6,4.928826193290421,Joseph Rosa
sa872499,21,6,5.725646231022509,Randy Ventura
sa872512,21,6,11.644328633924687,Jose Lizarraga
sa872524,21,6,9.798203129121033,Yoel Romero
sa872528,20,6,17.255113465351197,Keibert Ruiz
sa872538,21,6,4.920736387795247,Christopher Torres
sa872542,21,6,5.482115232176519,Leonardo Rivas
sa872547,21,6,-4.287531990867658,Pablo Olivares
sa872548,21,6,9.113333367059871,Wilkerman Garcia
sa872550,21,6,7.9699479427879325,Frederick Cuevas
sa872552,21,6,7.57757158026716,Jason Lopez
sa872571,21,6,8.841645673419992,Edgardo Fermin
sa872722,24,6,9.916896987284744,Lucas Erceg
sa872732,21,6,6.600662527387126,Daniel Brito
sa872756,21,6,14.438304173551844,Carlos Machado
sa872782,21,6,16.11855409254619,Oscar Gonzalez
sa872783,21,6,7.574636135514287,Cristopher Cespedes
sa872786,21,6,17.091006622837376,Vidal Brujan
sa872811,21,6,17.451369576032484,Jean Carlos Arias
sa872817,21,6,10.271854432147336,Yorman Rodriguez
sa872821,23,6,7.352560744974112,Shard Munroe
sa872842,21,6,9.527854478684056,Ronal Reynoso
sa872847,21,6,4.152243940073137,William Contreras
sa873155,21,6,6.829065984999442,Jose Marquez
sa873181,23,6,5.6941823767264195,Raul Hernandez
sa873260,24,6,5.128486545685874,Tyler Ramirez
sa873287,24,6,16.43509204810895,Zack Short
sa873350,21,6,4.888086214912116,Jose Tello
sa873599,24,6,10.48992936390776,Stevie Berman
sa873611,24,6,41.25680775564215,Todd Czinege
sa873626,24,6,8.10234081719884,Michael Hernandez
sa873634,24,6,3.926741276210602,Connor Justus
sa873674,24,6,9.502305703994843,Ronnie Dawson
sa873681,24,6,2.80825860265054,T.J. Nichting
sa873690,24,6,4.140368615325435,Weston Wilson
sa873699,25,6,6.360295153579331,Cole Billingsley
sa873706,24,6,11.184466658579005,David MacKinnon
sa873964,25,6,13.059247095563192,Dan Rizzie
sa873978,23,6,4.603519759617196,Connor Wong
sa873982,24,6,5.537572840053474,Nick Banks
sa873984,24,6,6.967348864227895,C.J. Chatham
sa874101,24,6,7.961012138515495,Michael Paez
sa874104,25,6,7.814643372991349,Kort Peterson
sa874178,24,6,2.1757946152805663,Mitch Longo
sa874209,23,6,7.32799799550149,Corey Bird
sa874235,24,6,7.359820806279324,Blake Tiberi
sa874241,22,6,-0.38941792828525246,Cornelius Randolph
sa874242,22,6,-1.1350439509804853,Tyler Stephenson
sa874464,21,6,0.8551982072479379,Estevan Florial
sa874730,22,6,7.957173764581188,Ke'Bryan Hayes
sa874734,22,6,5.573896284958954,Ryan Mountcastle
sa874736,22,6,9.299159443069827,Daz Cameron
sa874752,22,6,2.1457374596184455,Tyler Nevin
sa874775,22,6,9.245161492402627,Eric Jenkins
sa874791,22,6,7.775299825061922,Chris Betts
sa874792,22,6,6.835537354318875,Desmond Lindsay
sa874798,21,6,7.397130017979792,Bryce Denton
sa874807,21,6,14.446316573000898,Jahmai Jones
sa874969,22,6,6.844030964094663,Travis Blankenhorn
sa875006,24,6,7.544648251540572,Mark Mathias
sa875022,22,6,-1.0620881301239582,Trey Cabbage
sa875023,22,6,5.601460800229599,D.J. Wilson
sa875030,22,6,7.341611562702942,Jagger Rusconi
sa875053,26,6,5.1690095364998925,Kade Scivicque
sa875055,22,6,4.67501490414489,Ryan McKenna
sa875065,22,6,11.781942834030504,Corey Zangari
sa875185,25,6,11.523538822382847,Brian Mundell
sa875196,22,6,7.860478376390592,Aldemar Burgos
sa875201,23,6,3.703119018127344,Donny Sands
sa875212,21,6,5.050334430887328,Seamus Curran
sa875215,24,6,7.424183948304829,Nathan Lukes
sa875317,21,6,10.836717877673436,Jaylen Ferguson
sa875340,23,6,13.532555110629012,Garrett Benge
sa875352,24,6,6.042918638796554,Brantley Bell
sa875568,25,6,4.175114458922474,LeDarious Clark
sa875573,26,6,9.466996682169622,P.J. Higgins
sa875583,25,6,4.790480632228404,Christian Kelley
sa875607,22,6,0.9890907759205065,Curtis Terry
sa875626,25,6,6.463781442963662,Max McDowell
sa875629,24,6,8.349569979570855,Trey Amburgey
sa875667,25,6,6.313545909522539,Austin Bossart
sa875729,26,6,5.510594074775856,Chad De La Guerra
sa875766,26,6,16.208973629014213,Drew Ferguson
sa875776,23,6,7.005724434774678,Josh Rolette
sa875798,23,6,7.194740261532878,Emmanuel Rivera
sa875808,24,6,8.955415293429752,Jonathan Morales
sa875822,26,6,6.021597660650221,Logan Hill
sa875840,26,6,8.447496746424687,Jordan Devencenzi
sa875870,26,6,5.58224038802008,Stuart Levy
sa875875,23,6,8.83240609549922,Wagner Lagrange
sa876060,21,6,9.182336310397538,Griffin Conine
sa876069,23,6,5.058420578818508,Dillon Persinger
sa876089,26,6,9.069849594766112,Andrew Guillotte
sa876146,23,6,10.641882395985716,L.T. Tolbert
sa876202,25,6,4.425614395260165,Taylor Jones
sa876363,24,6,3.7180989314619164,Dalton Kelly
sa876379,22,6,1.1567565216341107,Matt Morales
sa877018,21,6,1.4434237411708946,Shean Michel
sa877349,21,6,7.670148817327864,Amado Nunez
sa877365,21,6,2.879730564725019,Ricky Aracena
sa877486,21,6,9.855068830645006,Samuel Castro
sa877498,20,6,9.320662530236078,Jonathan Arauz
sa877504,21,6,4.161577172574889,Izzy Wilson
sa877610,23,6,9.303963694267155,Hoy Jun Park
sa879801,22,6,7.7042487681485765,Sandy Mota
sa880735,21,6,2.287098247906376,Jeremy Fernandez
sa880736,21,6,8.417884198647265,Carlos Baez
sa881025,21,6,7.844503297545795,Dermis Garcia
sa886360,22,6,6.641543081416098,Aaron Whitefield
sa900974,20,6,10.216690476290921,Carlos Soto
sa908626,25,6,14.232655389613589,Anibal Sierra
sa912520,20,6,10.76568707244586,Leody Taveras
sa913274,23,6,13.014115534066399,Corey Julks
sa913277,25,6,1.133838569289693,Jack Sundberg
sa913279,24,6,2.7510138060598543,Armando Alvarez
sa913305,24,6,8.155608790367104,Logan Ice
sa913370,25,6,14.314682585741114,Dallas Carroll
sa914200,21,6,3.1013772939613706,Lucius Fox
sa914314,20,6,4.661727550434804,Jeison Guzman
sa915575,23,6,5.182018008769367,Devin Hairston
sa915593,23,6,9.652985861752747,Tyler Friis
sa915595,24,6,11.555382446534404,Rob Henry
sa915613,22,6,8.979533122249451,Nick Dunn
sa915614,23,6,14.314271949683345,Colby Fitch
sa915654,23,6,13.66771513852064,Donovan Casey
sa915658,23,6,5.840619574757202,Orlando Garcia
sa915673,22,6,5.057565209333214,Jeremy Vasquez
sa915707,23,6,6.796204584746848,Kevin Merrell
sa915718,23,6,4.2092741773666695,Zach Clark
sa915732,23,6,5.880363095864394,Ernie Clement
sa915774,23,6,8.523069184294942,Evan White
sa915789,23,6,9.106977568326437,Dylan Busby
sa915819,23,6,10.165969025902013,Scott Hurst
sa915826,23,6,9.699903217376367,Brian Miller
sa915864,22,6,17.87356930571447,Kevin Smith
sa915868,23,6,11.79543613671885,Matt Whatley
sa916719,20,6,5.462531225282631,Derian Cruz
sa916722,20,6,14.233005094215677,Cristian Pache
sa916954,20,6,11.226439537496068,Oswaldo Cabrera
sa916966,20,6,8.016602412283504,Carlos Narvaez
sa917004,20,6,8.223041836846457,Gresuan Silverio
sa917013,20,6,8.088891097100413,Darwin Alvarado
sa917017,20,6,15.213111456863539,Jose Quero
sa917021,20,6,15.9816041488101,Sebastian Rivero
sa917022,20,6,20.1336371238144,Rubendy Jaquez
sa917028,20,6,10.319328330781467,Rafael Romero
sa917039,20,6,4.029475129440075,Seuly Matias
sa917055,20,6,8.84525324750555,Miguel Hernandez
sa917068,20,6,11.69298572781806,Daniel Montano
sa917074,21,6,15.834710522721412,Pedro Castellanos
sa917077,20,6,2.9637225709588355,Everlouis Lozada
sa917089,21,6,2.3439723287830923,Ricardo Cubillan
sa917093,20,6,0.46377753979361064,Kervin Suarez
sa917095,20,6,2.788529085600319,Eduardo Torrealba
sa917110,20,6,10.935135468649774,Cristhian Pedroza
sa917116,20,6,12.266553668528529,Raul Beracierta
sa917118,21,6,11.191097117288322,Wilmer Reyes
sa917127,19,6,5.465363347082303,Jonathan Guzman
sa917132,20,6,18.946398358624112,Ismael Munguia
sa917133,20,6,-2.223671916025203,Raffy Ozuna
sa917140,19,6,7.801297426576689,Eguy Rosario
sa917150,20,6,8.021100863282816,Jonathan Willems
sa917151,20,6,2.435520419294849,Reniel Ozuna
sa917155,21,6,8.364740603173832,Juan Pascal
sa917182,21,6,17.402353043069688,Eduardo Diaz
sa917184,20,6,10.893591412293903,Jose King
sa917275,20,6,6.1326290200891735,Miguel Aparicio
sa917277,19,6,9.122644145223637,Cristian Inoa
sa917287,21,6,10.294381697778997,Ramiro Rodriguez
sa917288,20,6,11.082371438128375,Enmanuel Valdez
sa917297,22,6,5.826608239096793,Guillermo Granadillo
sa917299,21,6,5.818521326851146,Cristopher Pujols
sa917301,20,6,8.048260371149558,Jose Gutierrez
sa917302,20,6,12.628684881494456,Yonathan Perlaza
sa917308,21,6,10.260250782482037,Jorge Perez
sa917309,20,6,7.572424358089632,Steven Leyton
sa917310,20,6,11.429091624583448,Eddie Hernandez
sa917311,20,6,0.5568215396035188,Jesus Marriaga
sa917319,21,6,20.706136354050617,Carlos Rincon
sa917320,19,6,12.157761990234189,Leonel Valera
sa917326,22,6,5.444253967759914,Alfredo Angarita
sa917328,20,6,-0.4503536497853435,Starling Heredia
sa917333,19,6,4.849384673642112,Jair Camargo
sa917342,20,6,7.259197530426279,Pablo Jimenez
sa917352,20,6,4.469878951589066,Aramis Ademan
sa917355,20,6,10.31860338250158,Luis Diaz
sa917376,20,6,16.956864504271387,Simon Muzziotti
sa917417,21,6,6.298070203534693,Sebastian Ochoa
sa917463,20,6,6.004218235764579,Luis Leon
sa917478,21,6,12.630129878195081,Rolando Lebron
sa917669,22,6,26.969129856111962,Julio Rodriguez
sa917737,21,6,10.738683970246512,Marco Hernandez
sa917822,21,6,11.329654389549297,Luis De Los Santos
sa917926,21,6,4.03115592177746,Josh Lowe
sa917929,21,6,16.17214987813602,Alex Kirilloff
sa917934,21,6,2.903532941943724,Joe Rizzo
sa917935,20,6,9.50066504275062,Delvin Perez
sa917936,20,6,4.65633811098309,Hudson Potts
sa917939,20,6,8.151838201716739,Andy Yerzy
sa917940,20,6,9.309600698096865,Dylan Carlson
sa917941,21,6,-5.270724957376728,Nolan Jones
sa917942,21,6,6.04336574683532,Ben Rortvedt
sa917944,21,6,9.686950515218768,Brandon Marsh
sa917952,21,6,25.30467853997094,Jose Miranda
sa917953,20,6,13.381602448390913,Akil Baddoo
sa917954,20,6,1.6979127807944094,Mario Feliciano
sa917966,21,6,-1.6770441152732507,Sean Reynolds
sa917991,21,6,4.02459517660164,Kole Enright
sa917996,21,6,8.76138337193685,Khalil Lee
sa918010,21,6,2.318134161000231,Alexis Torres
sa918101,24,6,4.978718090258206,Nate Nolan
sa918108,24,6,10.601417549938096,Troy Montgomery
sa918114,20,6,8.515551337745197,Peterson Plaz
sa918131,25,6,5.406333658184029,Tyler Neslony
sa918156,25,6,6.993012328631236,Mitchell Kranson
sa918173,24,6,11.011287256362172,Freddy Fermin
sa918209,21,6,-0.94088981751147,Chad McClanahan
sa918212,22,6,5.580350123849525,Tre Carter
sa918257,24,6,7.979549563799726,Danny Woodrow
sa918259,24,6,6.545604552678897,Mitch Roman
sa918269,24,6,3.7711343992748594,Carmen Benedetti
sa918293,23,6,7.028769369794494,Darick Hall
sa918339,22,6,3.3303211454159625,Anthony Churlin
sa918355,25,6,7.347152960922224,Nick Heath
sa918370,24,6,9.747001845239497,Jacob Zanon
sa918374,23,6,8.293655114259995,Brayan Morales
sa918429,24,6,8.108277747745714,Jack Kruger
sa918436,25,6,5.757516882012326,Brandon Van Horn
sa918444,21,6,6.384814481299132,Evan Alexander
sa918457,24,6,6.193935952696592,Taylor Kohlwey
sa918466,24,6,3.9918389888563217,Chris Clare
sa918497,25,6,3.1319311169920225,Joel Booker
sa918512,21,6,2.127150261465648,Griffin Benson
sa918523,23,6,8.92179147290011,Matt Hearn
sa918527,22,6,8.711111422967877,Juan Carlos Abreu
sa918568,23,6,7.97776588423608,Charlie Madden
sa918586,22,6,0.9850285918713915,Cam Williams
sa918597,25,6,4.642543082311655,Hunter Owen
sa918611,25,6,6.204390320821484,Chad Sedio
sa918641,25,6,6.474318363848947,Connor Myers
sa918694,25,6,10.7941639200677,Ben Ruta
sa918698,20,6,12.449095468462621,Ramon Rodriguez
sa918712,24,6,4.784413739046945,Ryan Aguilar
sa918728,24,6,8.919605178781286,Jake Ring
sa918769,24,6,26.258273946947273,Bret Boswell
sa918840,24,6,12.0413359104429,Craig Dedelow
sa918888,25,6,6.706726758545279,Zach Davis
sa918920,24,6,6.90650982421707,Zach McKinstry
sa918963,21,6,3.9842261197603857,Chavez Young
sa918977,22,6,13.036526746949875,Aaron Bond
sa918984,24,6,8.766244546148318,Danny Mayer
sa919019,21,6,9.423180678897264,Borinquen Mendez
sa919164,23,6,9.983555317225461,Nate Easley
sa919293,21,6,7.26846399302642,Jonathan Aranda
sa919327,21,6,5.043310593386353,Jazz Chisholm
sa919893,22,6,6.208267345301959,Jose Mena
sa919908,20,6,8.979220880695843,Christopher Quintin
sa920171,21,6,4.201738110164512,Victor Ngoepe
sa920275,20,6,0.1984565015549181,Isaac Paredes
sa920278,25,6,3.907347377226808,Yariel Gonzalez
sa921439,21,6,12.685559156170337,Diomedes Del Rio
sa922148,23,6,10.976363725999768,J.C. Millan
sa922180,25,6,8.755858740271632,Alfredo Rodriguez
sa922560,21,6,25.16759272338064,Tony Pena
sa923039,20,6,13.80162484726904,Jefrey Ramos
sa923239,20,6,2.4683650807214805,Reinaldo Ilarraza
sa924293,19,6,0.99526305682731675,Jonathan Lopez
sa924310,20,6,3.631897527994106,Jonatan Machado
sa927338,21,6,11.688410008468914,Fabricio Macias
sa943754,23,6,11.960345225084016,TJ Friedl
sa943817,21,6,9.306270278360929,Jerar Encarnacion
sa962605,19,6,17.153845059295328,Luis Garcia
sa969091,20,6,7.158536514069588,Lazaro Armenteros
sa970515,19,6,13.139850098785919,Luis Almanzar
sa975161,23,6,7.627176142411929,Yanio Perez
