id,name,score_now,score_rebuild,predicted_remaining,remain_war
10155,Mike Trout,6.528421281001496,5.840971007904974,2.36,51.28829401374536
15998,Cody Bellinger,0.3712318507572197,-0.628995280059609,2.49,2.0070554114235257
11477,Christian Yelich,0.30467939841210095,-0.880516624969068,2.86,0.0
16505,Matt Chapman,2.4485501805082612,2.236729612876477,1.06,24.178167705031907
17678,Alex Bregman,2.1109636826210223,1.816534659796617,1.2,20.944685597831448
12161,Xander Bogaerts,-0.4883100893506824,-0.9320806211260452,1.29,0.0
13613,Ketel Marte,1.085351673696034,0.685446478348235,1.33,12.302455082241492
19251,Peter Alonso,2.612952077135286,1.9890206661120295,1.91,22.080131888353552
19251,Peter Alonso,2.612952077135286,1.9890206661120295,1.91,22.080131888353552
14128,Joey Gallo,1.328146971821861,0.6769456830417739,1.86,12.105247875538032
15429,Kris Bryant,0.7386974401750108,0.13758156494114984,1.71,8.037161960318981
17350,Rafael Devers,-0.2593698987777271,-0.7677893646873561,1.44,1.2130686711300391
13611,Mookie Betts,1.4783834010556531,1.0352375779888061,1.45,14.935030073344985
12979,Javier Baez,0.6574576601502047,0.23041380808061804,1.35,8.833791743653006
17232,Yoan Moncada,1.8278325190095202,1.339685458561,1.57,17.22245699969885
18401,Ronald Acuna Jr.,2.732116876960348,2.339618211145692,1.45,24.8638454614208
12861,Anthony Rendon,-0.20546033575376588,-0.9136883677197348,1.85,0.0
11368,Yasmani Grandal,-0.5034627547219458,-0.933065920415669,1.26,0.0
9874,DJ LeMahieu,-0.37213965483766304,-0.9245266599055962,1.52,0.0
12856,George Springer,0.5765952863550371,0.0034164344273548077,1.64,7.033410357430188
9777,Nolan Arenado,-0.19030767038250263,-0.9127030684301111,1.88,0.0
12533,Marcus Semien,0.45527082113565753,-0.02427925457590403,1.44,6.872593532824785
2396,Carlos Santana,0.1780953066033188,-0.4900057195197358,1.8,3.2375300948794457
2396,Carlos Santana,-0.23071477803920487,-0.9153305332024411,1.8,0.0
12564,Trevor Story,1.1674518188646001,0.48019993827554075,1.92,10.592638873596908
13301,Max Muncy,0.5849151070862394,-0.11109005967546325,1.89,6.0992983357681565
6153,Eduardo Escobar,0.24623344822362753,-0.4289679896132682,1.82,3.6971432120504826
5361,Freddie Freeman,1.0775828690804108,0.2536851422612704,2.19,8.800930820269551
11739,J.T. Realmuto,0.25129591557721853,0.1329930852188011,0.69,8.257234909949588
13152,Jorge Polanco,0.14013010897207934,-0.17479685558014427,1.08,5.8168685542115774
18015,Paul DeJong,1.1781692135164605,0.717969120868003,1.46,12.517514195971696
12144,Max Kepler,0.799923767772422,0.28503169631363445,1.54,9.202037665792094
19709,Fernando Tatis Jr.,4.802571168378242,4.257240957130405,1.93,39.34059869807147
4106,Michael Brantley,-0.7459054006621598,-0.9488307090496493,0.78,0.0
15362,Jeff McNeil,0.8461543866734937,0.6533521658263337,0.89,12.168156373768685
18882,Brandon Lowe,2.013662691452729,1.6808175186748702,1.27,19.89412024486466
16472,Rhys Hoskins,1.4552706894463665,1.1688390669225426,1.13,16.03199129269757
20123,Juan Soto,3.52863823143051,3.2766996152850405,1.23,32.051815722394764
13145,Josh Bell,0.927101301959192,0.22521346859871533,1.93,8.649207277770396
11609,Willson Contreras,0.425833644063381,0.18156622219947632,0.96,8.559468787961588
12916,Francisco Lindor,1.376906575687763,1.1415007336127145,1.02,15.851394624017331
15464,Hunter Renfroe,0.5515157322395301,0.30247250541923093,0.98,9.474795366593767
16556,Ozzie Albies,2.873716076286477,2.68892395741583,1.04,27.625225991037738
16997,Gleyber Torres,0.6373058381677958,0.1355504648410674,1.5,8.074201428771826
14161,Byron Buxton,1.3734422459735633,1.256132369888194,0.78,16.783959215426286
2900,Roberto Perez,-0.6807961939460804,-0.7382228842468861,0.49,1.6756257737168059
4892,Mike Moustakas,-0.44790298169398,-0.9294531563537152,1.37,0.0
9774,Christian Vazquez,-0.8136353433882076,-0.8419428707870749,0.42,0.9036195726634674
5038,Josh Donaldson,-0.5438698623786482,-0.935693385187999,1.18,0.0
12371,Tommy La Stella,-0.9134931635288726,-1.0295850937578181,0.59,-0.5671943286060156
13769,Adalberto Mondesi,1.45671380783026,1.5102687379790105,0.44,18.80341992269923
11579,Bryce Harper,5.084245219714393,5.018310977016995,0.98,45.371287842995145
11493,Manny Machado,3.745022537561932,3.5954286455929183,1.04,34.52544933731077
11281,Whit Merrifield,0.6581670453489691,0.28534331129123963,1.24,9.279409647946807
3473,Anthony Rizzo,0.2640717072059688,-0.0901868481311038,1.17,6.438411498878788
2967,Tommy Pham,-1.1280254666510363,-1.3463873055637963,0.78,-3.02616119310777
17992,David Fletcher,-0.18497787017626333,-0.192815974941999,0.43,5.842208813372309
14130,Daniel Vogelbach,1.2272896540634233,0.8971627908732751,1.2,13.946518554030984
14162,Carlos Correa,0.22053602519437754,0.14532905346661612,0.6,8.373635070878295
19326,Bryan Reynolds,1.4719738950020307,1.230555501052214,1.04,16.524270638777562
12859,James McCann,-0.9011622897176579,-1.0413885710317519,0.64,-0.6695412213083397
17027,Alex Verdugo,0.7866678593607574,0.699845479046637,0.67,12.57705884058709
17128,Ramon Laureano,2.410663630233366,2.3056954788891213,0.84,24.75812900414371
17975,Scott Kingery,0.7975279050586959,0.6865117565152127,0.72,12.463063873485401
10324,Marcell Ozuna,-0.5590225277499116,-0.9366786844776229,1.15,0.0
15161,Mitch Garver,-0.1631488405634052,-0.308047017069379,0.71,4.89508160435407
9927,Brett Gardner,-0.6751929622629306,-0.9442326456980716,0.92,0.0
19238,Lourdes Gurriel Jr.,0.6631703755401295,0.3545932151809851,1.11,9.839033015072557
7859,Charlie Blackmon,1.2613164146474547,0.6616068281928601,1.75,12.015990041062395
13624,Corey Seager,0.8461762091084339,0.6583013662717943,0.88,12.208329194333825
8709,Elvis Andrus,0.5687510488074392,0.4337134965598843,0.75,10.531288711987076
7927,Eric Sogard,-0.7812616198617743,-0.951129740725438,0.71,0.0
18314,Dansby Swanson,0.38348471775853904,0.02419710510615381,1.19,7.304090751684308
16376,Michael Conforto,0.5578578566647407,0.2647323650469479,1.07,9.165021179173817
14811,Luke Voit,0.6794184336781005,0.3714976472384312,1.11,9.967707867237788
11442,Gary Sanchez,1.1955315533916373,1.0316226352655804,0.86,15.055013489592502
15117,Hunter Dozier,0.01484073079649156,0.020001208213107035,0.42,7.4646520026876795
5933,Jean Segura,0.7868880382117385,0.6113976164116295,0.85,11.858802524715946
15172,Tim Anderson,0.006032106822900798,-0.23056158430537976,0.91,5.434892996537149
14344,Matt Olson,0.6848099380004543,0.662843746521731,0.53,12.33040534011338
15672,Austin Meadows,0.7346359269919256,0.6555646020319206,0.65,12.244997217679408
11899,Joc Pederson,0.07458181352776191,-0.1296836917064487,0.85,6.217765461746051
4229,Howie Kendrick,-0.9176356082031447,-0.959997434332052,0.44,0.0
11038,Kevin Kiermaier,-0.7834749256236222,-0.8598290250377572,0.52,0.7424719489994523
5235,Justin Turner,-0.9176356082031447,-0.959997434332052,0.44,0.0
2136,David Peralta,-0.5637116375645653,-0.5967024692148879,0.45,2.7628650693477597
18289,Brian Anderson,0.8729882342857511,0.7453144760473572,0.76,12.900664314422984
10542,Derek Dietrich,-0.7705060688763503,-0.8709687467351901,0.57,0.6451774975971292
3174,Shin-Soo Choo,-0.28122366261008286,-0.9186148641678538,1.7,0.0
6184,J.D. Martinez,1.0276760562163405,0.6845588923691751,1.21,12.325698866223625
4940,Jason Heyward,-0.19509336745505076,-0.3067965340689374,0.64,4.9221001563332285
15149,Trey Mancini,0.29605284187665093,0.085954627626731,0.88,7.851682858501103
9847,Andrew McCutchen,0.3373502099209384,0.2028177350033429,0.73,8.7787331855487
16578,Yandy Diaz,0.9037379845429364,0.9398808088635264,0.43,14.464183849795301
17696,Kevin Newman,-0.40765948723283935,-0.5033172197322138,0.59,3.4387042818549514
8252,Hunter Pence,-0.6701420738058428,-0.9439042126015305,0.93,0.0
13338,Omar Narvaez,-0.698200521146464,-0.61838839470007,0.21,2.6577939657230214
7802,Miguel Rojas,-0.7758839432864639,-0.9209023395399263,0.66,0.2425879654322133
4866,Jarrod Dyson,-0.5994296354066138,-0.9393061492499528,1.07,0.0
15640,Aaron Judge,1.0557592325127065,0.9945868442081126,0.64,14.828100738963125
10071,Jonathan Villar,-0.28973546254016064,-0.7008516792502849,1.24,1.772591661824301
11200,Kole Calhoun,-0.6600402968916673,-0.9432473464084479,0.95,0.0
3142,Robinson Chirinos,-0.8014651736901256,-0.952443473111603,0.67,0.0
19755,Shohei Ohtani,0.008861752396440466,-0.010851785628217973,0.47,7.2173020883045105
6609,Freddy Galvis,-0.8368213928897401,-0.9547425047873919,0.6,0.0
5209,Alex Gordon,-0.8620758351751792,-0.9563846702700981,0.55,0.0
13620,Carson Kelly,0.448981327889322,0.3928558696257492,0.58,10.262784527539708
18363,Victor Robles,3.8690950677172986,3.832896264120937,0.82,36.388029184080175
9134,Tyler Flowers,-0.740854512205072,-0.948502275953108,0.79,0.0
17901,Andrew Benintendi,1.3059803674654775,1.2647691724149603,0.62,16.889701695536548
12532,Kolten Wong,-0.6145823007778772,-0.9402914485395766,1.04,0.0
2434,Nelson Cruz,-1.0237042658019886,-0.9668945293594183,0.23,0.0
13419,Christian Walker,0.6914799832126937,0.46779688763520777,0.94,10.743228088181628
8722,Jason Castro,-0.8620758351751792,-0.9563846702700981,0.55,0.0
9892,Jay Bruce,-0.7610580660334232,-0.949816008339273,0.75,0.0
13499,Tom Murphy,-0.7187934027169451,-0.7137106150421358,0.36,1.894710724068112
15223,Adam Frazier,-0.706923748823347,-0.947686284331693,0.86,-0.01128875309760002
3711,Eric Thames,-1.275997993008203,-1.3131306231929676,0.4,-2.678014641183983
13757,Chris Taylor,-0.8083125003146444,-0.9989793832445591,0.75,-0.3742267102724099
16252,Trea Turner,1.439005068852418,1.2750787741403506,0.88,16.903177356439496
11445,Mark Canha,-0.6011970105581156,-0.6357021413933517,0.45,2.4660034513411464
12147,Nick Ahmed,-0.3386141611031833,-0.5644980689244986,0.86,2.9055017549432063
2151,Edwin Encarnacion,-0.3216307702667851,-0.9212423289401838,1.62,0.0
10847,Andrelton Simmons,-0.816617839061389,-0.9534287724012268,0.64,0.0
10556,Cesar Hernandez,-0.12917405974020044,-0.32689121562335594,0.82,4.724141442929826
10681,Giovanny Urshela,-0.3896236526371875,-0.32197840750093437,0.26,4.901537248758764
10681,Giovanny Urshela,-0.3896236526371875,-0.32197840750093437,0.26,4.901537248758764
9241,Starling Marte,-0.6852947391771063,-0.9448895118911542,0.9,0.0
11339,Jake Marisnick,-0.708075052275589,-0.7419712462475015,0.44,1.6595936157210869
15491,J.P. Crawford,-0.7026056184963068,-0.7855458278577359,0.54,1.30290824304458
12155,Eddie Rosario,0.022658731757603058,-0.18863081022174516,0.86,5.766565870139183
14274,Mitch Haniger,0.48821954802314527,0.4632381775193979,0.52,10.813527641090444
9368,Evan Longoria,0.10889126309310915,-0.010237801334815434,0.68,7.169475675557657
12552,Eugenio Suarez,-0.003061155799483031,-0.11685977687889165,0.66,6.362879823412143
13744,David Dahl,-0.7848283991847019,-1.038591047095432,0.88,-0.7082467478997471
5913,Leury Garcia,-1.1302780144636324,-1.388142821289889,0.86,-3.364000017558032
5760,Avisail Garcia,-0.9782462696881983,-0.963938631490547,0.32,0.0
9549,David Freese,-0.8873302774606181,-0.9580268357528046,0.5,0.0
15986,Willy Adames,0.9275141000871095,0.8513079914720239,0.66,13.732476390770413
9218,Paul Goldschmidt,1.3336938752846204,1.1408808348193762,0.93,15.8691760161801
5409,Pablo Sandoval,-1.0085516004307251,-0.9659092300697947,0.26,0.0
4062,Dexter Fowler,-0.40509500784631025,-0.436604689070398,0.46,3.9790134168383653
19556,Yordan Alvarez,0.5078399614488703,0.3801947727220591,0.73,10.128909519684036
15518,Amed Rosario,1.0876472007575895,0.8799680994506409,0.94,13.880634276504509
785,Todd Frazier,-0.8014651736901256,-0.952443473111603,0.67,0.0
16535,Danny Jansen,0.9374503485978722,0.8862781175362549,0.61,14.0111655053306
15653,Dominic Smith,1.5713421711909619,1.5112918364448726,0.68,18.75120764626178
9166,Buster Posey,0.4278610313829957,0.35117638925979316,0.62,9.9355244766733
10348,Domingo Santana,0.06053791217876316,-0.6615770525543565,1.9,1.9065462062165333
7476,Alex Avila,-0.8923811659177059,-0.9583552688493457,0.49,0.0
5223,Cameron Maybin,-0.8115669506043012,-0.9531003393046856,0.65,0.0
5254,Robbie Grossman,-0.6303986350142501,-0.8188048157680209,0.76,0.994744141584214
11265,Jonathan Schoop,-0.8721776120893547,-0.9570415364631807,0.53,0.0
9810,Brian Dozier,-0.7812616198617743,-0.951129740725438,0.71,0.0
12092,Niko Goodrum,-0.307321849230764,-0.5270151429340999,0.85,3.1933180521216364
18568,Luis Arraez,0.22848397188360908,0.09448011652618203,0.72,7.956578030373497
15676,Jose Abreu,-0.690345627634194,-0.9452179449876955,0.89,0.0
11737,Nicholas Castellanos,-0.7762107314046865,-0.9508013076288968,0.72,0.0
11737,Nicholas Castellanos,-0.7762107314046865,-0.9508013076288968,0.72,0.0
3892,Josh Reddick,-0.766108954490511,-0.9501444414358143,0.74,0.0
5497,Marwin Gonzalez,-0.8065160621472134,-0.9527719062081444,0.66,0.0
18360,Austin Riley,0.6676952507176429,0.6204051938018217,0.58,11.994867306136054
4810,Brian McCann,-0.7004474045483696,-0.9458748111807779,0.87,0.0
16424,Jordan Luplow,0.6770422090773778,0.6596887205684779,0.52,12.308889596979705
11205,Adam Eaton,0.07895751201130156,-0.28770561061894867,1.18,4.9324183630778915
7185,Logan Forsythe,-0.7358036237479841,-0.9481738428565667,0.8,0.0
12164,Miguel Sano,-1.5051525796627248,-1.5564688798563424,0.41,-4.532781200385696
14593,David Bote,1.3035874162703114,1.2967650281430003,0.55,17.150750960706457
17321,Michael Chavis,0.9547685922898889,0.9535609319881935,0.51,14.548315583691284
10951,Greg Garcia,-0.3627814538023798,-0.5896416494051254,0.86,2.7141113260749297
12984,Jackie Bradley Jr.,-0.4364876628269059,-0.676178366109272,0.88,2.050402462569177
19252,Cavan Biggio,1.4272009897264655,1.3711807666786133,0.66,17.68969614634159
12976,Austin Hedges,0.3105038695308433,0.43599119290872146,0.2,10.68612630960455
18030,Harrison Bader,0.6496528557533087,0.4242800668378395,0.94,10.411982385056351
12858,Brian Goodwin,-0.5198792980683296,-0.6447028642066845,0.64,2.34999084627698
12180,Jorge Alfaro,-1.5100132380465772,-1.7635122489633186,0.82,-6.211274692571464
7216,Cesar Puello,0.38713912579488324,0.3235889274018236,0.59,9.733031466312177
19198,Yuli Gurriel,-0.15602735131595555,-0.3449763085652223,0.8,4.591479517774282
5297,Aaron Hicks,-0.7054982930054574,-0.9462032442773193,0.86,0.0
10264,Brandon Belt,-0.1799556294266237,-0.40928319055353857,0.88,4.081981940752241
14225,Yasiel Puig,-0.715600069919633,-0.9468601104704018,0.84,0.0
14566,Franmil Reyes,-0.977221116189491,-1.0515490008617498,0.5,-0.7118814006096791
14968,Victor Caratini,0.4525250861733735,0.4655137356300236,0.44,10.850848962651742
13359,Tyler Naquin,0.12071151667067181,0.006986452285696416,0.67,7.303084977588277
4616,Russell Martin,-1.0287551542590763,-0.9672229624559597,0.22,0.0
14523,Pedro Severino,0.5004971055151299,0.5794681377543177,0.31,11.75075851519344
11902,Hanser Alberto,-0.12530143963192933,-0.1652142666750446,0.5,6.034810265978862
14712,Manuel Margot,-0.03822496648808489,0.00420378389912498,0.34,7.3644035831439005
10322,Danny Santana,-0.9921871697625961,-1.0326341639911252,0.43,-0.5504035473587615
19858,Luis Rengifo,2.6206462877481087,2.7458531603929863,0.39,28.221065410669013
19293,Nick Senzel,2.6463081647077598,2.733139730372039,0.47,28.104292048340174
5452,Ji-Man Choi,-0.0007323569954654057,0.10232894228743367,0.22,8.14132250987258
12158,Austin Barnes,0.0695148070996257,0.12614892140935918,0.32,8.297637817105429
16375,Oscar Mercado,0.6469460513465848,0.6431562556331154,0.49,12.190546121478402
13510,Jose Ramirez,0.1921099189411503,0.16994607677790124,0.49,8.588517399048996
13510,Jose Ramirez,0.1921099189411503,0.16994607677790124,0.49,8.588517399048996
5417,Jose Altuve,1.6335812715645435,1.7336931003666414,0.36,20.524103903245976
11379,Delino DeShields,-0.24716577461699155,-0.21317762039242974,0.34,5.7097179973974574
1433,Wilson Ramos,-0.47722353172765236,-0.5362794761207337,0.51,3.2077988711666947
12546,C.J. Cron,-0.9926200200797447,-0.9049955925411461,0.17,0.4861685383578327
10231,Jose Iglesias,-0.9226864966602325,-0.9603258674285932,0.43,0.0
16909,Colin Moran,-0.09947494696697873,0.0685683914071918,0.08,7.919340561069492
8090,Matt Carpenter,0.3737861441431415,0.31954951733030673,0.57,9.707283879405924
14894,Tony Kemp,0.99995494803735,0.9316017337756242,0.65,14.346164355299392
13658,Terrance Gore,-0.09339049147203916,-0.02855778434224477,0.29,7.1275257906316405
12937,Jose Osuna,0.3776625534630797,0.5452748623888737,0.12,11.537982710733301
15694,Chance Sisco,-0.47465973228965025,-0.32177275943180683,0.08,4.948102621366559
17484,Eloy Jimenez,2.7023552331402985,2.944172325965452,0.16,29.788151134983746
12160,Ben Gamel,-0.6343487884837692,-0.6406341752778945,0.39,2.443461300926935
14221,Jorge Soler,-0.6877901354071265,-0.6814549066154848,0.36,2.140237962083535
12510,Curt Casali,-0.13168909242115204,-0.038844557813079335,0.23,7.064223896127364
17620,Myles Straw,0.6185514271600515,0.7761889546529173,0.16,13.285677768690386
3353,Matt Joyce,-1.0843149272870418,-0.9708357265179134,0.11,0.0
15191,Chad Pinder,-0.453773923851635,-0.4034996509677179,0.29,4.273505667705519
3298,Charlie Culberson,-1.3103737567770108,-1.1272027268841205,-0.05,-1.150250023619079
8418,Ehire Adrianza,-0.9080936369349416,-0.9008050309146076,0.34,0.4755666758375016
12434,Kevin Pillar,-0.3278506980980264,-0.4941818361883514,0.74,3.470741910979936
9308,Josh Phegley,-0.8723113937289039,-0.9128422544557327,0.44,0.3589405298439213
4962,Asdrubal Cabrera,-0.8065160621472134,-0.9527719062081444,0.66,0.0
9345,Brock Holt,-1.0641113734586907,-0.9695219941317483,0.15,0.0
15274,Mike Tauchman,2.3828402245206686,2.646235322755633,0.09,27.53778435825351
13185,Orlando Arcia,-0.3100854854001581,-0.416581003596725,0.62,4.091431715150437
16219,J.D. Davis,0.31507527488898995,0.4161147874021983,0.25,10.522329091724847
14503,Renato Nunez,1.0117861952408063,1.1557502759532803,0.22,16.159860720237752
3516,Eric Hosmer,0.8094704902832075,0.8023932125849862,0.51,13.397641968614412
19470,Tommy Edman,0.25181040397728877,0.3946326691923697,0.16,10.381309348769145
13723,Jacob Stallings,-0.6239297691572505,-0.5953087829758998,0.32,2.8059736701074343
10472,Enrique Hernandez,-0.2242627126396405,-0.2484672992262913,0.46,5.411096479000722
5930,Nick Markakis,-0.816617839061389,-0.9534287724012268,0.64,0.0
11241,Mike Freeman,0.19788065937162805,0.39764227837086136,0.04,10.434218193905233
16153,Austin Slater,-0.3428582095308957,-0.2486912953400298,0.21,5.471891442905871
9785,Kyle Seager,-0.12270069964193975,-0.06397853545085046,0.3,6.8554065631419085
11602,Yolmer Sanchez,-0.3654192182990023,-0.32635516365669315,0.32,4.853221817078381
16478,Kyle Schwarber,0.2352526876834641,0.16556672242819048,0.59,8.530182190175179
9054,Justin Smoak,-0.9024829428318815,-0.9590121350424282,0.47,0.0
9077,Lorenzo Cain,0.440097138836322,0.3885392818260975,0.57,10.232427091389773
15937,Aledmys Diaz,-0.9048344034970706,-0.7643987299007029,0.07,1.5813778452233342
3086,Mitch Moreland,-0.9529918274027593,-0.9622964660078408,0.37,0.0
3410,Ryan Braun,-0.3311786147099175,-0.3597022903286336,0.46,4.564386812147997
10199,Billy Hamilton,-1.0338060427161642,-0.9675513955525009,0.21,0.0
12775,Brad Miller,-1.0882211049396304,-0.9256347378159708,0.01,0.369065421374674
15124,Tim Locastro,0.8367806278488094,0.9884544859915385,0.19,14.893921839354999
4314,Joey Votto,0.5232150701297266,0.4109704800676295,0.7,10.370671136963711
12284,Kevan Smith,0.3193214637341282,0.4993564529993713,0.09,11.195956354581382
6887,Martin Maldonado,-0.9327882735744082,-0.9609827336216757,0.41,0.0
8259,Kurt Suzuki,-1.0338060427161642,-0.9675513955525009,0.21,0.0
14106,Addison Russell,0.07628812204916766,0.1479753477720315,0.29,8.471278399407634
19683,Michael Brosseau,-0.0958860143646738,0.07230230636608993,0.08,7.9477627496234176
16192,Derek Fisher,-0.5947140099739978,-0.6535897288303943,0.5,2.3173449184053845
4022,Melky Cabrera,-0.9327882735744082,-0.9609827336216757,0.41,0.0
7996,Jose Martinez,-0.07575740738128997,-0.005285878895452507,0.28,7.307169215669112
9776,Jason Kipnis,-0.8014651736901256,-0.952443473111603,0.67,0.0
15983,Clint Frazier,-1.2985838262573826,-1.2528784182796415,0.23,-2.17688086197716
19197,Will Smith,0.418636900125665,0.5879044525450797,0.12,11.862474902637375
16426,Thairo Estrada,-0.7858169816753733,-0.6750588282600171,0.14,2.2439242731071882
6012,Didi Gregorius,-0.988348046602374,-0.9645954976836296,0.3,0.0
13621,Jeimer Candelario,0.5229223431335016,0.5584608212024174,0.4,11.568352915140267
8203,Dee Gordon,-0.8175711851209576,-0.7622872693703437,0.25,1.5524500723572243
8203,Dee Gordon,-1.0136024888878128,-0.9662376631663359,0.25,0.0
13608,Mallex Smith,-0.03336397313177138,-0.015371335102999133,0.39,7.202899728110176
7539,Neil Walker,-0.9479409389456716,-0.9619680329112996,0.38,0.0
9433,Dustin Garneau,-0.7075814604270861,-0.5985893177397801,0.15,2.8235025664151787
17161,Chad Wallach,0.5483221760692326,0.6637106761019874,0.24,12.409504321682125
13265,Mike Zunino,-0.5366691173065191,-0.49959656013676623,0.31,3.5370255719032904
12927,Brandon Nimmo,-0.5982695807333879,-0.6080239697445319,0.4,2.689186935590297
13590,Jesse Winker,-0.46716393258486555,-0.5553724773498401,0.57,3.0474648485744558
12037,Jon Berti,0.06834127250340792,0.19882542617731735,0.17,8.888344128629129
13367,Stephen Piscotty,-0.25048443100575996,-0.20677734787481009,0.32,5.763436233965431
2829,Manny Pina,-0.8675700620753342,-0.809379457939646,0.24,1.1964890260647496
10346,John Ryan Murphy,-0.888500415719695,-0.9001262867899973,0.38,0.4707332084719874
9284,Chris Herrmann,-1.1216433379850719,-1.1377610032353247,0.37,-1.3356185709913893
14551,Anthony Santander,-0.049286837037207,0.09615147161690529,0.13,8.116800218760755
16542,Shed Long,-0.13239638563200445,-0.02972743070006449,0.21,7.1386225591201296
16542,Shed Long,-0.13239638563200445,-0.02972743070006449,0.21,7.1386225591201296
18721,Guillermo Heredia,-0.8694664519339239,-0.747308002563931,0.11,1.7014707584890427
8609,Tim Federowicz,-1.1900095956971537,-1.1891830715587393,0.33,-1.7170382304665062
14567,Franchy Cordero,0.36045766617070185,0.39435954398480805,0.39,10.321730346908204
7949,Tim Beckham,-1.0357152052109249,-1.0335821364411064,0.34,-0.5351194191753077
20003,Keston Hiura,2.4677232362797854,2.6163114446102553,0.33,27.25000677995441
9393,Matt Adams,-0.867126723632267,-0.9567131033666395,0.54,0.0
16939,Lane Thomas,0.9441900450023086,1.0312319784661192,0.33,15.184539848966944
6885,Ian Desmond,-0.3733402102160004,-0.42819957294192634,0.51,4.030492323174133
8623,Donovan Solano,-1.1536432557813798,-1.072523694944177,0.17,-0.7890386816762994
11850,Tyler Austin,-1.1443853305568137,-1.2353191523632323,0.52,-2.11572147973671
13807,Kevin Plawecki,-0.43789016052911073,-0.3771212372721371,0.27,4.479295523945444
15941,Austin Nola,-0.33463813821591976,-0.2647716394807093,0.26,5.336989465836399
4949,Giancarlo Stanton,4.949608337311498,5.178751442572687,0.37,46.7450446776846
10047,Wil Myers,-0.8974320543747937,-0.9586837019458869,0.48,0.0
12977,Michael Perez,0.6423920497511899,0.7763601862701217,0.21,13.274481166696004
6368,Adam Jones,-0.9630936043169349,-0.9629533322009233,0.35,0.0
14387,Harold Ramirez,-0.1058102070246819,-0.10059717737368391,0.41,6.549169110153263
17838,Willie Calhoun,0.5549195037371012,0.7444719631901194,0.09,13.061751190516544
7007,Yadier Molina,-0.8014651736901256,-0.952443473111603,0.67,0.0
9015,Gordon Beckham,-1.0186533773449007,-0.9665660962628772,0.24,0.0
5222,Justin Upton,-0.22011723346926287,-0.13084493654268847,0.23,6.363926181779531
10459,Adeiny Hechavarria,-0.8469231698039157,-0.9553993709804744,0.58,0.0
14854,Mike Yastrzemski,-0.10433157123311373,-0.08920581613434805,0.39,6.640879016670745
10815,Jurickson Profar,-0.22539730297757685,-0.2792067023766732,0.52,5.162111205636831
10416,Wilfredo Tovar,-0.512866173734622,-0.30733116818409373,-0.03,5.085530574729041
16925,Aramis Garcia,0.629883560280478,0.7140814260107915,0.31,12.775421450157154
10243,Randal Grichuk,-0.3904926848104877,-0.40663298564458916,0.43,4.21465503640596
14738,Phillip Ervin,0.7717736197172587,0.9060418959476256,0.22,14.259105416986154
11470,Tony Wolters,0.09134839663817815,0.04540809855213656,0.53,7.630546719957273
6589,Sean Rodriguez,-1.0489587080874274,-0.9685366948421247,0.18,0.0
1744,Miguel Cabrera,-0.39176688189312936,-0.4128851530023273,0.44,4.164564161555191
18316,Edwin Rios,-0.6080728647114889,-0.6231497741062765,0.41,2.5715508201908808
13854,Anthony Bemboom,-0.23101094218761142,-0.2604146339144661,0.47,5.317654557997686
14553,Nomar Mazara,-0.19213341595678027,-0.20518708024451468,0.44,5.745541192684898
13755,Tomas Nido,-0.1101420317717421,-0.09525100224604546,0.39,6.5948636624375725
18063,Kyle Garlick,-0.5208180247743613,-0.5471495837574946,0.44,3.1425566951251014
11875,Ronny Rodriguez,-0.7872094755389109,-0.7701110073079652,0.33,1.472896558871421
15214,Brandon Dixon,0.5653564965336146,0.5040792610467163,0.6,11.104405898773802
11287,Bryan Holaday,-1.1763669599464022,-1.1257243488342745,0.23,-1.2089967572353404
12174,Jorge Bonifacio,0.28658063066817896,0.35198356794678115,0.32,10.01666864039712
10762,Corey Dickerson,-1.0287551542590763,-0.9672229624559597,0.22,0.0
15194,Jake Bauers,0.9378855213235125,1.0394522598560367,0.3,15.254611811693033
15082,Adam Engel,-0.4502727158448489,-0.3013270754584663,0.09,5.101233130202719
16211,Kevin Cron,0.15076437453743438,0.23038671899044164,0.28,9.101085544198217
19566,Nathaniel Lowe,2.2764244401646763,2.505961673968482,0.15,26.455035323028536
19566,Nathaniel Lowe,2.2764244401646763,2.505961673968482,0.15,26.455035323028536
16623,Greg Allen,0.043051482580119683,0.07891057036095808,0.36,7.928064196588265
16313,Yairo Munoz,0.4604150144632439,0.5328403512718208,0.32,11.393332451304504
8267,Chris Iannetta,-0.9529918274027593,-0.9622964660078408,0.37,0.0
17689,Kevin Kramer,0.7606499932322652,0.9240278862489733,0.16,14.411012982718407
15585,Mike Ford,-0.483064483990408,-0.39948798873738367,0.22,4.321542040809975
5517,Kyle Higashioka,0.764334057369997,0.883522307745393,0.25,14.080188555840097
12983,Charlie Tilson,-0.07501652568519464,0.15805931503727813,-0.05,8.633036553286166
12983,Charlie Tilson,-0.07501652568519464,0.15805931503727813,-0.05,8.633036553286166
17932,Andrew Stevenson,0.12517920901490517,0.3072244131912451,0.07,9.738466414990356
13329,Jake Lamb,-0.7050963302674074,-0.6354157671914721,0.23,2.5231833032264728
16434,Christian Arroyo,-0.17539989343622864,-0.138512607985326,0.34,6.278060630900326
12758,Breyvic Valera,-0.21786395085144294,-0.1679125994972962,0.31,6.061770825445403
10059,Max Stassi,0.6452397856748854,0.838440919754753,0.09,13.777033523160732
17723,Skye Bolt,0.6415636087470258,0.8247632431590567,0.11,13.66792041199946
14678,Tzu-Wei Lin,0.5175130216885544,0.7252603547120527,0.05,12.92551434136534
10473,Cheslor Cuthbert,-0.6138002709837936,-0.5896965792178039,0.33,2.8461932058149984
14818,JaCoby Jones,0.08238071221200186,0.026225153066632385,0.55,7.479528050648968
5343,Brandon Crawford,-0.6271611290359147,-0.539552722943879,0.2,3.2603832425530133
15487,Victor Reyes,1.8367650865480591,2.078100349964899,0.09,23.21319756436924
13853,Joey Wendle,-0.02973325322828695,0.19531890606254287,-0.03,8.911652846967035
17710,Matt Beaty,0.9100791420493719,0.9563311234410915,0.41,14.59440200495996
14813,Kyle Farmer,-0.07462506278916622,-0.15190268434470922,0.58,6.116136704076303
19878,Adam Haseley,0.13631605362307758,0.2941786714346245,0.12,9.626663528846985
19635,Sheldon Neuse,1.4492248269479786,1.6896840892506808,0.06,20.264111696466106
19352,Sean Murphy,0.08859916594451109,0.274093140059082,0.06,9.4887744656933
5827,Wilmer Flores,-1.0035007119736372,-0.9655807969732533,0.27,0.0
18083,Austin Allen,0.1698492337000557,0.29950751499936884,0.18,9.652226155001769
18042,Dylan Moore,0.2658904643870111,0.4388405014572928,0.1,10.732814962320868
16530,Mauricio Dubon,0.2856464697327107,0.4741740808508755,0.07,11.009270647403175
15115,Dylan Cozens,-0.15454563242754493,0.016199508135468544,0.07,7.523213840565207
4220,Ryan Zimmerman,-1.0035007119736372,-0.9655807969732533,0.27,0.0
17468,Kelvin Gutierrez,0.24359826370373447,0.2974118464585618,0.34,9.596274134918556
5751,Hernan Perez,-0.8373824604457271,-0.8321638266249651,0.35,0.995556682268842
15112,Ryan McMahon,0.5398271581398724,0.4922981015625198,0.57,11.022228886862816
18126,LaMonte Wade,0.8781404281901017,1.0314851010251587,0.19,15.221466592660752
18126,LaMonte Wade,0.8781404281901017,1.0314851010251587,0.19,15.221466592660752
14691,Harold Castro,-0.28924312403258734,-0.24217528203518654,0.31,5.496490686811736
16404,Domingo Leyba,-0.31352474893147153,-0.20339335957567195,0.18,5.824194815658134
11894,Noel Cuevas,-0.6432927517431896,-0.5021445549912383,0.09,3.5726304889982394
13006,Mitch Walding,-0.1688099673366064,0.006285432358444088,0.06,7.4502488837640355
11342,Jesus Aguilar,-0.03817539146626615,0.0584468225358092,0.23,7.80479618751234
16291,Nick Ciuffo,-0.1001238923942319,-0.03556319492350979,0.29,7.074201303429838
5273,Sandy Leon,-0.9483865632175601,-0.81956326210203,0.09,1.1564709236747193
19611,Vladimir Guerrero Jr.,5.0597049131197105,5.347487058237509,0.26,48.05694336832954
15181,Ryan Cordell,-0.13494177422196488,-0.03237564552754772,0.21,7.118464611768205
6677,JB Shuck,-0.866863349177828,-0.734746749190945,0.09,1.8020857673391637
15730,Tyler Wade,0.008614004099742237,0.1366853512137078,0.17,8.41534007074025
9112,Khris Davis,-1.0843149272870418,-0.9708357265179134,0.11,0.0
16429,Jason Martin,0.16028996739271442,0.294488578803211,0.17,9.616522512852024
4922,Ender Inciarte,-0.34893131644378245,-0.2057447734883998,0.11,5.8237960872908445
14103,Rio Ruiz,0.3907612719936063,0.49485827692511375,0.25,11.121716686581811
17807,Drew Jackson,0.5391996147506583,0.7576760154583695,0.03,13.177259120497586
14329,Anthony Alford,-0.3713326507538246,-0.22905105603765274,0.11,5.6463909871753835
7435,Ben Zobrist,-1.0944167042012176,-0.971492592710996,0.09,0.0
15564,Tyler White,-0.4088505972121997,-0.2828641068977917,0.14,5.229271406910434
18607,Jared Walsh,0.14947551936688025,0.25860477653783964,0.22,9.330878586103584
14111,Eric Haase,1.099318960713545,1.3157900588326257,0.08,17.413067598325952
13595,Humberto Arteaga,-0.27229242672400733,-0.1851278546593934,0.23,5.950730018783468
4316,Daniel Murphy,-0.08570830253162387,-0.07475671841739039,0.4,6.74836410852904
13369,Erik Gonzalez,-0.6340808151612025,-0.5615314334487272,0.23,3.0855834885368454
14773,Yu-Cheng Chang,0.5732169790915939,0.7388761206714112,0.14,13.006656194932676
14773,Yu-Cheng Chang,0.5732169790915939,0.7388761206714112,0.14,13.006656194932676
5227,Jon Jay,-1.0388569311732518,-0.9678798286490421,0.2,0.0
13355,Luke Maile,-0.7689002624451002,-0.6180467515772919,0.06,2.697894519126255
15170,Josh VanMeter,-0.305853636399838,-0.20033885303285628,0.19,5.844945415057089
18887,Seby Zavala,0.3997806764415198,0.4943890459771466,0.27,11.11314494736834
16411,Richard Urena,0.048373018810964986,0.14356503843348908,0.24,8.450207564243733
15271,Austin Wynns,-0.474379530400476,-0.3707462026888777,0.18,4.5503216518722205
4881,Carlos Gomez,-1.0439078196303395,-0.9682082617455834,0.19,0.0
19703,Jake Noll,0.02662363183184047,0.20961397604235382,0.06,8.997965495040212
9627,Yan Gomes,-1.0439078196303395,-0.9682082617455834,0.19,0.0
14109,Albert Almora Jr.,-0.0063543978320398575,-0.016829630825310804,0.45,7.176799326402271
18067,Garrett Stubbs,1.2918246422685078,1.5160724056143178,0.08,18.937596862359285
19318,Matt Thaiss,0.028644214674887376,0.15752472357984829,0.17,8.573967296388341
15447,Ryon Healy,-1.067649867291071,-1.0323213901196984,0.27,-0.5080227438197716
15711,Tyler O'Neill,0.03830108128159333,0.12323323125641043,0.26,8.290443874232025
17982,Ty France,0.3345509117698329,0.4117447006818614,0.3,10.476564427122234
8553,Gerardo Parra,-1.0388569311732518,-0.9678798286490421,0.2,0.0
4298,Matt Wieters,-0.8368213928897401,-0.9547425047873919,0.6,0.0
16565,Mark Zagunis,0.29006810755964807,0.34083243933717483,0.35,9.924287360716118
15402,Jack Mayfield,-0.0074982958949211,0.1396281473230751,0.13,8.447740341452596
14942,Andrew Knapp,-0.36484123451263545,-0.20751791626479735,0.08,5.817799101184157
16572,Connor Joe,0.41225604806061145,0.5763393363132076,0.13,11.77194239043272
10953,Phil Gosselin,-0.9136737309410979,-0.8671985727762633,0.26,0.7513756860457865
6195,Ian Kinsler,-0.9176356082031447,-0.959997434332052,0.44,0.0
17548,Taylor Ward,0.47712228911410826,0.6142670046686858,0.19,12.045644022172155
15679,Rowdy Tellez,-0.3548184358546576,-0.24635519040289805,0.18,5.49717364087658
12907,Gregory Polanco,-0.4737638652110792,-0.508047566977908,0.46,3.435197350036038
5942,Jesus Sucre,-1.0091783724537495,-0.9370023431565269,0.2,0.2350363423912477
5275,Francisco Cervelli,-1.1095693695724809,-0.9724778920006198,0.06,0.0
13277,Joey Rickard,-0.6003949043194964,-0.4476607673854577,0.07,3.992355650526964
19514,Andrew Knizner,-0.12859418052810553,0.0037873510330214254,0.15,7.408733737667843
14196,Andrew Velazquez,0.37933925508463223,0.5322398084965241,0.15,11.431261179547631
16451,Luis Guillorme,2.4082594411908302,2.6529754154733065,0.13,27.579089272318612
8001,Hanley Ramirez,-1.0994675926583053,-0.9718210258075373,0.08,0.0
3269,Robinson Cano,-0.6334207061127503,-0.5559181614816319,0.22,3.130811155344857
11936,Joe Panik,-0.6016867852786095,-0.5524612619588154,0.28,3.1421247300060378
10816,Jedd Gyorko,-1.1045184811153932,-0.9721494589040784,0.07,0.0
16622,Luis Urias,2.510085322986656,2.793400239539746,0.06,28.66548903870376
17326,Cole Tucker,1.6510226657604963,1.8996339692042512,0.06,21.862229259560095
9744,Justin Bour,-0.7637321916229685,-0.6520818774284973,0.14,2.418822533007691
12981,Cam Gallagher,0.2999782976224848,0.47923187967906683,0.09,11.042770108034997
11615,Brandon Drury,-1.084907833168576,-1.020717548540215,0.21,-0.4046954581283773
17276,Alex Jackson,-0.49874702936058557,-0.37146559493588294,0.13,4.557345709780961
3376,Nick Hundley,-1.054009596544515,-0.968865127938666,0.17,0.0
19339,Nicky Lopez,0.29599059642203956,0.45045060479901317,0.14,10.811189911922376
15519,Franklin Barreto,-0.41480417532676017,-0.21516074539417343,-0.01,5.782122647517769
13324,Ildemaro Vargas,0.19055412530994928,0.2767103555032428,0.27,9.456196448828699
17278,Bobby Bradley,0.0160412800063162,0.0852947099172828,0.29,7.994159630662635
11863,Yadiel Rivera,0.12085794136750387,0.2830225932057086,0.11,9.544244573157066
15608,Willians Astudillo,-1.6599585439124374,-1.7027490619216468,0.38,-5.6387513683269574
19181,Zack Collins,-0.3206268150070421,-0.08761991709884098,-0.07,6.767950722082047
10200,Tucker Barnhart,-0.9230219044496054,-0.8375124135064765,0.18,0.9973437719544004
15654,Billy McKinney,0.1004341987574126,0.2617737912640037,0.11,9.382500810382568
17766,D.J. Stewart,0.32176124746926654,0.5216007826379413,0.05,11.375277974972462
17766,D.J. Stewart,0.32176124746926654,0.5216007826379413,0.05,11.375277974972462
14477,Jake Cave,0.36124174398015896,0.5823821612678501,0.01,11.847939771773698
5491,Austin Romine,-1.0691622619157786,-0.9698504272282897,0.14,0.0
5352,Yangervis Solarte,-1.0742131503728662,-0.9701788603248309,0.13,0.0
16885,Josh Fuentes,0.37811019817986863,0.5408140941918836,0.13,11.501527787767506
17806,Braden Bishop,0.23954660805570527,0.43113841634663896,0.06,10.684187458030307
16403,Francisco Mejia,0.022347029394411855,0.19038512205846092,0.09,8.844097374817304
14320,Wilmer Difo,-0.43434689997168974,-0.27490491041247694,0.07,5.307356017361796
11489,Michael A. Taylor,-0.1836477964281858,0.010554184259416318,0.02,7.492742197820434
14145,Daniel Robertson,0.2129309234869847,0.35910906810906645,0.15,10.113407237521802
1177,Albert Pujols,-1.0116453294338041,-0.9247894686226206,0.17,0.3354995262369117
15794,Yonathan Daza,0.1678823385150992,0.3516526239439726,0.07,10.076649527628843
10339,Scooter Gennett,-1.0843149272870418,-0.9708357265179134,0.11,0.0
6547,Jordy Mercer,-1.1146202580295688,-0.972806325097161,0.05,0.0
7870,Jonathan Lucroy,-0.9984498235165495,-0.9652523638767121,0.28,0.0
10807,Tyler Saladino,-0.7537538466702685,-0.5875089756607627,0.03,2.937845026079757
15351,Frank Schwindel,0.08022407055558282,0.23089424023023042,0.13,9.142448745297113
4403,Erik Kratz,-1.4692948276758848,-1.3467352041179184,0.06,-2.8488093622309933
11476,Odubel Herrera,-0.6759838948569381,-0.5509358138008423,0.12,3.193736289361944
11680,Elias Diaz,-0.3486203234200476,-0.3138041391167605,0.33,4.946258965070681
14885,Pat Valaika,-0.2774275193329922,-0.10671995033883243,0.06,6.590063172523745
12179,Maikel Franco,-0.1274165695212136,-0.22160630254090513,0.61,5.578059708865955
14713,Dawel Lugo,-0.9433953633636273,-0.8587089004381917,0.18,0.8359982258223551
9256,A.J. Pollock,-0.35772391942551635,-0.2543045434410499,0.19,5.434163957764045
13176,Blake Swihart,-0.45712741542405566,-0.34787065639186654,0.17,4.726948030561782
14158,Mac Williamson,-0.4512621677522427,-0.3319154770111683,0.15,4.853397265951903
15104,Jonathan Davis,-0.03377350282596879,0.15170347063968728,0.05,8.55965649914025
5238,Isaac Galloway,0.552124918968105,0.7563439747328136,0.06,13.159619759242707
16512,Isiah Kiner-Falefa,-0.10702577957095707,0.021300555715452477,0.16,7.539542506385608
14352,Lewis Brinson,-0.298397271055912,-0.17780178304214994,0.16,6.0239953458348126
16263,Sam Travis,-0.12054949044156929,0.1402459306680672,-0.11,8.512442846707836
17719,Steven Duggar,0.8544677129001703,1.0462680490162857,0.11,15.353992919535287
13066,Teoscar Hernandez,-0.0670761181715246,0.05793756987950163,0.17,7.815919807043453
13473,Dwight Smith Jr.,0.04413955763173415,0.09974858624756726,0.32,8.096681096849347
13473,Dwight Smith Jr.,0.04413955763173415,0.09974858624756726,0.32,8.096681096849347
14140,Jose Rondon,0.3053178204935371,0.5044930894143925,0.05,11.245055919067388
13546,Roman Quinn,-0.4080296929595344,-0.10958266483554474,-0.21,6.635772475066182
14950,Johan Camargo,0.09161563195250656,0.2378194908664292,0.14,9.192663062985623
18839,Josh Naylor,0.7604362834646582,0.9435115290256955,0.12,14.56932052984068
17642,J.T. Riddle,-0.5811763762161988,-0.44737185287614967,0.11,3.984554838979274
17642,J.T. Riddle,-0.5811763762161988,-0.44737185287614967,0.11,3.984554838979274
13157,Nicky Delmonico,-0.2635627835258526,-0.09229511984795026,0.06,6.699863544675567
14388,Ronald Guzman,0.2807756919822596,0.2523406942401977,0.51,9.210697015917681
3256,Welington Castillo,-0.9933989350594618,-0.9649239307801709,0.29,0.0
19958,Carter Kieboom,1.4689130290702272,1.7840650837467684,-0.09,21.02003042078179
12282,Rougned Odor,-0.3672927192604991,-0.41698128463122275,0.5,4.118384815806909
16357,Pablo Reyes,0.30310500103100824,0.6450592755276479,-0.24,12.387531719265086
14350,Raimel Tapia,-0.5273155655955714,-0.5194241310442619,0.37,3.3711000781246434
16041,Steve Wilkerson,-0.08761526230712968,0.03656870452893822,0.17,7.653262133565963
16041,Steve Wilkerson,-0.08761526230712968,0.03656870452893822,0.17,7.653262133565963
13593,Jose Peraza,0.0087775100013453,0.13685546227443704,0.17,8.416634939181652
11611,Rosell Herrera,-0.25087206528524103,-0.1628421734098076,0.23,6.120366403516594
9253,Keon Broxton,0.49546043441521026,0.6776844253168746,0.1,12.550871108114775
11846,Leonys Martin,-1.0085516004307251,-0.9659092300697947,0.26,0.0
8392,Daniel Descalso,-0.6834155044078589,-0.5783736243851938,0.16,2.9748824095817064
10030,Chris Owings,-1.1196711464866564,-0.9731347581937022,0.04,0.0
14330,Nick Williams,-0.15126126988068395,0.08366100312703965,-0.06,8.06922401738669
7287,Carlos Gonzalez,-1.0489587080874274,-0.9685366948421247,0.18,0.0
11982,Travis Shaw,-0.037931751973738534,0.06855329724587161,0.21,7.886725665817772
8202,Josh Harrison,-1.1045184811153932,-0.9721494589040784,0.07,0.0
12225,Scott Schebler,-0.4378492083106919,-0.24898972305305084,0.01,5.519619840894961
11270,Aaron Altherr,-0.5497499507366672,-0.31614596296779157,-0.09,5.033433235297305
17907,Brendan Rodgers,0.4314731939774658,0.6308182737290992,0.06,12.204130632799368
18288,Austin Dean,0.12705425660143774,0.28454272496319466,0.12,9.553315664602284
13795,Eric Stamets,-0.06756937932360646,0.12639533269647735,0.03,8.3720134752662
7619,Mark Reynolds,-1.0388569311732518,-0.9678798286490421,0.2,0.0
17714,Christin Stewart,0.26315768272700085,0.23401096905617835,0.51,9.071172974514344
3312,Martin Prado,-1.0893658157441297,-0.9711641596144548,0.1,0.0
16442,Ryan O'Hearn,0.6918977351335348,0.8229392597736163,0.22,13.626536432243393
17929,Cedric Mullins II,0.8483441939896537,1.069456136580883,0.05,15.545498331206586
17929,Cedric Mullins II,0.8483441939896537,1.069456136580883,0.05,15.545498331206586
4579,Starlin Castro,-0.9176356082031447,-0.959997434332052,0.44,0.0
9272,Chris Davis,-0.5880256884302513,-0.4889833323625169,0.18,3.6503124040314896
5631,Matt Kemp,-1.0742131503728662,-0.9701788603248309,0.13,0.0
8610,Kendrys Morales,-1.0338060427161642,-0.9675513955525009,0.21,0.0
6848,Eduardo Nunez,-0.9681444927740227,-0.9632817652974646,0.34,0.0
9957,Steve Pearce,-1.0237042658019886,-0.9668945293594183,0.23,0.0
2616,Zack Cozart,-1.0691622619157786,-0.9698504272282897,0.14,0.0
2502,Lucas Duda,-1.0237042658019886,-0.9668945293594183,0.23,0.0
12547,John Hicks,-0.585048897966503,-0.5450042456675753,0.3,3.1938867948662044
17062,Grayson Greiner,-0.11759340964824104,-0.029105947224121763,0.24,7.13585322940342
19262,Garrett Hampson,0.6527350966391083,0.7033706223148487,0.38,12.67639187983721
5384,Juan Lagares,-1.0085516004307251,-0.9659092300697947,0.26,0.0
14897,Daniel Palka,-0.0691290982038474,0.06565464836818362,0.15,7.879661439433358
4747,Curtis Granderson,-0.8216687275184767,-0.9537572054977681,0.63,0.0
17736,Richie Martin Jr.,0.5151818681506439,0.5454811572724391,0.41,11.467053006828134
17736,Richie Martin Jr.,0.5151818681506439,0.5454811572724391,0.41,11.467053006828134
2530,Yonder Alonso,-0.8469231698039157,-0.9553993709804744,0.58,0.0
3448,Jeff Mathis,-0.8873302774606181,-0.9580268357528046,0.5,0.0
10286,Francisco Arcia,-0.2802439715427472,-0.08009120027304514,0.0,6.807758564265745
10323,Rafael Ortega,-0.6164418815262834,-0.42987052029471334,0.0,4.1452732384474125
10607,Bryce Brentz,-1.0907784845443371,-0.9233689316119275,0.0,0.3888125123949221
10950,Adam Duvall,-0.7044328845319319,-0.5214161018863641,0.0,3.4484373945897024
11935,Travis Taijeron,-0.0754594906766853,0.13296597331803747,0.0,8.429528536862884
12005,Nick Martini,-0.18309839711716464,0.020978770588340093,0.0,7.57709311006638
12119,Matt Skole,-0.1678775749575849,0.036814469345091,0.0,7.697632870854172
12140,Juniel Querecuto,0.4101676956267471,0.6382110743883231,0.0,12.275403894668207
12294,Cory Spangenberg,-1.1477416402785365,-0.9826332318569002,0.0,-0.062301434928656474
12325,Jace Peterson,-1.1279950500229716,-0.9620889372398508,0.0,0.09407968830010932
12797,Dalton Pompey,0.588906110737339,0.8241699975184374,0.0,13.690904685304536
13300,Spencer Kieboom,0.0739691605432878,0.2884311040145274,0.0,9.612913618434293
13356,Bubba Starling,0.43127926298228575,0.6601754871789131,0.0,12.442594815908318
13675,Tyrone Taylor,0.5532340561804078,0.7870568965258993,0.0,13.408403459153929
13768,Travis Jankowski,-0.4592916495300298,-0.26637187959350017,0.0,5.38980859757401
13836,Matt Duffy,-0.5375014275971707,-0.34774110343165476,0.0,4.770434174783969
13891,Mike Miller,-0.6227493221443801,-0.43643276302425005,0.0,4.0953221007678975
14137,Tim Lopes,-0.274633574314385,-0.0742541594428863,0.0,6.852189537359116
14335,Dilson Herrera,-0.16236120838441778,0.04255368095722489,0.0,7.741319177689368
14453,Scott Heineman,0.8304215806580557,1.0754419844493461,0.0,15.603562008645769
14735,Brett Phillips,-0.6721139178306086,-0.48779154366961214,0.0,3.704384180791015
15156,Ian Miller,0.11517237698462877,0.3312988096176456,0.0,9.939218321390237
15207,Stuart Turner,-0.39098315481394785,-0.19530392192932286,0.0,5.930770808847762
15407,Nate Orf,0.17797852682286128,0.3966421438003946,0.0,10.436605269225904
15482,Aristides Aquino,0.6778295392601009,0.9166856718847958,0.0,14.39512477868615
15674,Reese McGuire,1.2243089752193184,1.485241275115644,0.0,18.722913369561528
15766,Raudy Read,-0.4338526604422933,-0.2399052299180669,0.0,5.591270097299181
15769,Rafael Bautista,-0.33443815454607617,-0.13647466940574307,0.0,6.378573216271932
15958,Travis Demeritte,1.4787499524392966,1.749960921951078,0.0,20.737932939933764
15988,Deivy Grullon,-1.4263949209713531,-1.272543288249914,0.0,-2.2690678924360577
16221,Bradley Zimmer,0.6634722844206512,0.9017484260364605,0.0,14.281423951899507
16246,AJ Reed,0.6658989377340718,0.9042731090302905,0.0,14.300641587244554
16246,A.J. Reed,0.6658989377340718,0.9042731090302905,0.0,14.300641587244554
16271,Alex Blandino,-0.33392100015158516,-0.13593662348969274,0.0,6.382668768164513
16285,Michael Hermosillo,0.019431932942679468,0.23169073228841555,0.0,9.181011563467488
16524,Ryan McBroom,-0.4159622242881301,-0.22129207258701533,0.0,5.732951595959544
16725,Jose Trevino,-0.43282702615486557,-0.2388381630119551,0.0,5.5993925042471195
16729,Brian O'Grady,-0.6222435853271896,-0.4359065959221539,0.0,4.099327232312474
17005,Gavin Cecchini,0.6290171936603258,0.8659014506105228,0.0,14.008560347382758
17022,Edmundo Sosa,-0.792352535382106,-0.61288744890462,0.0,2.7521666169066314
17109,Meibrys Viloria,0.5917509000138191,0.8271297079425174,0.0,13.713433706094834
17338,Willi Castro,0.8153529727178858,1.059764648920271,0.0,15.484227692964936
17588,Blake Trahan,-0.29204790199092295,-0.09237197490947337,0.0,6.714278531606449
17738,Chris Shaw,-0.8170867393503427,-0.6386208422077216,0.0,2.5562865916130395
17919,Ian Happ,0.10893694895155395,0.32481148857046904,0.0,9.889837480090328
17922,Isan Diaz,-0.013489236083281618,0.19743964453839657,0.0,8.92029569689741
17954,Sam Hilliard,0.32617277932877836,0.5508230096932774,0.0,11.610214655099073
18146,Kevin Kaczmarski,-0.9844197874915315,-0.81271365497638,0.0,1.231109450499387
18171,Seth Brown,0.3733336651962721,0.5998890571031475,0.0,11.983700518175809
18206,Nick Dini,-0.4979742586035699,-0.3066171526800267,0.0,5.083465589588889
18345,Kyle Tucker,1.0061877567913788,1.258308598860284,0.0,16.99552445348396
18564,Trent Grisham,-0.03146313056218782,0.1787396574109308,0.0,8.777953258479997
18889,Danny Mendick,0.25453531173049326,0.47629159840095403,0.0,11.04288897996754
19290,Randy Arozarena,-0.08825392415909773,0.11965468222833428,0.0,8.32820431566011
19294,Nick Solak,0.9305631816274967,1.1796290125444573,0.0,16.396623283470912
19314,Donovan Walton,-0.10221944145882642,0.10512499896799171,0.0,8.217605814676537
19363,Austin Hays,0.8315905593886639,1.0766581864939453,0.0,15.612819617405414
19452,Jake Rogers,0.021915965574486298,0.23427511255689365,0.0,9.200683608517867
19508,Kyle Lewis,-0.20490696858230423,-0.0017108032346918052,0.0,7.404382335315168
19552,Jaylin Davis,1.11325450708393,1.3697005320108864,0.0,17.843428747567565
19612,Bo Bichette,3.704048643984978,4.065155157430035,0.0,38.360960733572504
19734,Josh Rojas,0.41290091936394663,0.641054712352377,0.0,12.297049383460296
19844,Abraham Toro,0.023780472540225008,0.23621494013846214,0.0,9.2154493827501
19955,Gavin Lux,0.10299794337108364,0.3186325645740542,0.0,9.84280412640669
4146,Gorkys Hernandez,-0.6389971607434629,-0.4533369666740804,0.0,3.9666489872186745
5306,Kristopher Negron,-0.9727704993614908,-0.8005937697544236,0.0,1.3233648089695855
5503,Corban Joseph,-0.7137402206216434,-0.531099427070723,0.0,3.3747288883038378
7125,Alberto Rosario,-0.8105426874269782,-0.6318124297697828,0.0,2.608111548580215
9807,Ryan Goins,-1.0272614396145536,-0.857285984259835,0.0,0.8918293219675167
